// nv_paddb - GENERATED by tools/gen_paddb.py from SDL_GameControllerDB, do not edit.
// https://github.com/mdqinc/SDL_GameControllerDB - zlib license:
//   This software is provided 'as-is', without any express or implied warranty. Permission is
//   granted to anyone to use it for any purpose, including commercial applications, and to alter
//   it and redistribute it freely, subject to: the origin must not be misrepresented; altered
//   versions must be plainly marked as such; this notice may not be removed (tools/paddb/LICENSE).
// 2018 usable lines -> 982 USB + 94 Bluetooth devices, 506 distinct mappings.
#include "nv_paddb.h"

static const uint8_t kMaps[506][27] = {
    {0x02,0x01,0x03,0x00,0x09,0xff,0x08,0x0a,0x0b,0x06,0x07,0x81,0x84,0x88,0x82,0xff,0xff,0xff,0xff,0xff,0xff,0x40,0x41,0x43,0x42,0x04,0x05},
    {0x01,0x03,0x00,0x02,0x04,0xff,0x05,0x0e,0x0f,0x06,0x07,0x0a,0x0b,0x0c,0x0d,0xff,0xff,0xff,0xff,0xff,0xff,0x40,0x41,0x43,0x44,0x08,0x09},
    {0x00,0x01,0xff,0xff,0x0a,0x0c,0x0b,0x0d,0xff,0x06,0x07,0x81,0x84,0x88,0x82,0xff,0xff,0xff,0xff,0xff,0xff,0x40,0x41,0x43,0x44,0x08,0x09},
    {0x00,0x01,0x03,0x04,0x0a,0x02,0x0b,0x0d,0x0e,0x06,0x07,0x81,0x84,0x88,0x82,0xff,0xff,0xff,0xff,0xff,0xff,0x40,0x41,0x43,0x44,0x08,0x09},
    {0x01,0x00,0xff,0xff,0x0a,0xff,0x0b,0xff,0xff,0xff,0xff,0x81,0x84,0x88,0x82,0xff,0xff,0xff,0xff,0xff,0xff,0x40,0x42,0x43,0x45,0xff,0xff},
    {0x00,0x01,0x03,0x04,0x0a,0xff,0x0b,0xff,0xff,0x06,0x07,0x81,0x84,0x88,0x82,0xff,0xff,0xff,0xff,0xff,0xff,0x40,0x41,0x42,0x45,0x08,0x09},
    {0x01,0x02,0x00,0x03,0x08,0xff,0x09,0x0a,0x0b,0x04,0x05,0x81,0x84,0x88,0x82,0xff,0xff,0xff,0xff,0xff,0xff,0x40,0x41,0x42,0x45,0x06,0x07},
    {0x00,0x01,0x03,0x04,0x0a,0xff,0x0b,0xff,0xff,0x06,0x07,0xff,0xff,0xff,0xff,0xff,0xff,0xff,0xff,0xff,0xff,0x40,0x41,0xff,0xff,0xff,0xff},
    {0x01,0x00,0x04,0x03,0x0a,0x02,0x0b,0x0d,0x0e,0x06,0x07,0x81,0x84,0x88,0x82,0xff,0xff,0xff,0xff,0xff,0xff,0x40,0x41,0x43,0x44,0x08,0x09},
    {0x01,0x00,0x04,0x03,0x0a,0x02,0x0b,0x0d,0x0e,0x06,0x07,0x81,0x84,0x88,0x82,0xff,0xff,0xff,0xff,0xff,0xff,0x40,0x41,0x42,0x45,0x08,0x09},
    {0x00,0x03,0x01,0x04,0xff,0xff,0x0b,0x0d,0x0e,0xff,0x0a,0x81,0x84,0x88,0x82,0xff,0x09,0x08,0xff,0xff,0xff,0x40,0x41,0x42,0x43,0x45,0x44},
    {0x01,0x00,0x04,0x03,0x0a,0x0c,0x0b,0x0d,0x0e,0x06,0x07,0x81,0x84,0x88,0x82,0xff,0xff,0xff,0xff,0xff,0xff,0x40,0x41,0x43,0x44,0x08,0x09},
    {0x01,0x00,0x04,0x03,0x0a,0xff,0x0b,0xff,0xff,0xff,0x06,0x81,0x84,0x88,0x82,0xff,0xff,0xff,0xff,0xff,0xff,0x40,0x41,0x43,0x45,0xff,0x07},
    {0x00,0x01,0x03,0x04,0x0a,0xff,0x0b,0xff,0xff,0xff,0x06,0x81,0x84,0x88,0x82,0xff,0xff,0xff,0xff,0xff,0xff,0x40,0x42,0x43,0x45,0xff,0x07},
    {0x00,0x01,0x03,0x04,0x0a,0x02,0x0b,0xff,0xff,0x08,0x06,0x81,0x84,0x88,0x82,0xff,0xff,0xff,0xff,0xff,0xff,0x40,0x41,0x43,0x44,0x09,0x07},
    {0x00,0x01,0x03,0x04,0x0a,0x02,0x0b,0xff,0xff,0x08,0x06,0x62,0x52,0x60,0x50,0xff,0xff,0xff,0xff,0xff,0xff,0xff,0xff,0xff,0xff,0x09,0x07},
    {0x01,0x00,0x04,0x03,0x0a,0x0c,0x0b,0xff,0xff,0x06,0x07,0x81,0x84,0x88,0x82,0xff,0xff,0xff,0xff,0xff,0xff,0x40,0x41,0x43,0x44,0x08,0x09},
    {0x00,0x01,0x03,0x04,0x0a,0xff,0x0b,0xff,0xff,0x06,0x07,0x81,0x84,0x88,0x82,0xff,0xff,0xff,0xff,0xff,0xff,0x40,0x41,0xff,0xff,0xff,0xff},
    {0x00,0x01,0xff,0xff,0x07,0xff,0x06,0xff,0xff,0xff,0xff,0x81,0x84,0x88,0x82,0xff,0xff,0xff,0xff,0xff,0xff,0x40,0x41,0xff,0xff,0xff,0xff},
    {0x00,0x01,0xff,0xff,0xff,0xff,0x0b,0xff,0xff,0x06,0x07,0x81,0x84,0x88,0x82,0xff,0xff,0xff,0xff,0xff,0xff,0x40,0x41,0xff,0xff,0x0a,0xff},
    {0x00,0x01,0xff,0xff,0xff,0x0c,0x0b,0xff,0xff,0x06,0x07,0x81,0x84,0x88,0x82,0xff,0xff,0xff,0xff,0xff,0xff,0x40,0x41,0x43,0x44,0x08,0x09},
    {0x00,0x01,0x03,0x04,0x0a,0x0c,0x0b,0xff,0xff,0x06,0x07,0x81,0x84,0x88,0x82,0xff,0xff,0xff,0xff,0xff,0xff,0x40,0x41,0x43,0x44,0xff,0xff},
    {0x02,0x01,0x03,0x00,0x06,0xff,0x07,0xff,0xff,0x04,0x05,0x61,0x51,0x60,0x50,0xff,0xff,0xff,0xff,0xff,0xff,0xff,0xff,0xff,0xff,0xff,0xff},
    {0x01,0x00,0x04,0x03,0x0a,0xff,0x0b,0xff,0xff,0x06,0x07,0xff,0xff,0xff,0xff,0xff,0xff,0xff,0xff,0xff,0xff,0x40,0x41,0xff,0xff,0xff,0xff},
    {0x01,0x00,0x04,0x03,0x0a,0xff,0x0b,0x0d,0x0e,0x06,0x07,0x81,0x84,0x88,0x82,0xff,0xff,0xff,0xff,0xff,0xff,0x40,0x41,0x43,0x44,0x08,0x09},
    {0x00,0x01,0x03,0x04,0x0a,0xff,0x0b,0xff,0xff,0x06,0x07,0x81,0x84,0x88,0x82,0xff,0xff,0xff,0xff,0xff,0xff,0x40,0x42,0x43,0x45,0x08,0x09},
    {0x01,0x00,0x04,0x03,0x0a,0x0c,0x0b,0x0d,0x0e,0x06,0x07,0x81,0x84,0x88,0x82,0xff,0x02,0x05,0xff,0xff,0xff,0x40,0x41,0x43,0x44,0x08,0x09},
    {0x01,0x00,0x04,0x03,0x0a,0x0c,0x0b,0x0d,0x0e,0x06,0x07,0x81,0x84,0x88,0x82,0xff,0x11,0x10,0x02,0x05,0xff,0x40,0x41,0x43,0x44,0x08,0x09},
    {0x00,0x01,0x03,0x04,0xff,0xff,0x0a,0xff,0xff,0x08,0x06,0x81,0x84,0x88,0x82,0xff,0xff,0xff,0xff,0xff,0xff,0x40,0x42,0x43,0x45,0x09,0x07},
    {0x01,0x00,0x04,0x03,0x0a,0xff,0x0b,0x0d,0x0e,0x06,0x07,0x81,0x84,0x88,0x82,0xff,0xff,0xff,0xff,0xff,0xff,0x40,0x41,0x42,0x43,0x08,0x09},
    {0x01,0x00,0x04,0x03,0x0a,0x02,0x0b,0x0d,0x0e,0x06,0x07,0x81,0x84,0x88,0x82,0xff,0xff,0xff,0xff,0xff,0xff,0x40,0x41,0x42,0x43,0x08,0x09},
    {0x01,0x00,0x04,0x03,0x0a,0xff,0x0b,0xff,0xff,0x06,0x07,0x61,0x51,0x60,0x50,0xff,0xff,0xff,0xff,0xff,0xff,0xff,0xff,0xff,0xff,0xff,0xff},
    {0x00,0x01,0x04,0x03,0x0a,0xff,0x0b,0xff,0xff,0x04,0x05,0x61,0x51,0x60,0x50,0xff,0xff,0xff,0xff,0xff,0xff,0xff,0xff,0xff,0xff,0x06,0x07},
    {0x01,0x00,0x04,0x03,0x0a,0xff,0x0b,0xff,0xff,0x06,0x07,0x81,0x84,0x88,0x82,0xff,0xff,0xff,0xff,0xff,0xff,0x40,0x42,0x43,0x45,0xff,0xff},
    {0x00,0x01,0x03,0x04,0x0a,0xff,0x0b,0x0d,0x0e,0x06,0x07,0x81,0x84,0x88,0x82,0xff,0xff,0xff,0xff,0xff,0xff,0x40,0x41,0x42,0x45,0x08,0x09},
    {0x00,0x01,0x03,0x04,0x0a,0x0c,0x0b,0x0d,0x0e,0x06,0x07,0x81,0x84,0x88,0x82,0x1a,0x18,0x19,0xff,0xff,0xff,0x40,0x41,0x43,0x44,0x08,0x09},
    {0x00,0x01,0x03,0x04,0x0a,0x0c,0x0b,0x0d,0x0e,0x06,0x07,0x81,0x84,0x88,0x82,0xff,0x02,0x05,0xff,0xff,0xff,0x40,0x41,0x43,0x44,0x08,0x09},
    {0x00,0x01,0x03,0x04,0x0a,0x0c,0x0b,0x0d,0x0e,0x06,0x07,0x81,0x84,0x88,0x82,0x1a,0x17,0x13,0xff,0xff,0xff,0x40,0x41,0x42,0x43,0x45,0x44},
    {0x00,0x01,0x03,0x04,0x0a,0x0c,0x0b,0x0d,0x0e,0x06,0x07,0x81,0x84,0x88,0x82,0xff,0x11,0x10,0x02,0x05,0xff,0x40,0x41,0x43,0x44,0x08,0x09},
    {0x00,0x01,0x03,0x04,0x0a,0x0c,0x0b,0x0d,0x0e,0x06,0x07,0x81,0x84,0x88,0x82,0xff,0x05,0x02,0xff,0xff,0xff,0x40,0x41,0x43,0x44,0x08,0x09},
    {0x00,0x01,0x03,0x04,0x0a,0x0c,0x0b,0x0d,0x0e,0x06,0x07,0x81,0x84,0x88,0x82,0xff,0xff,0xff,0xff,0xff,0xff,0x40,0x41,0x43,0x44,0x08,0x09},
    {0x00,0x01,0x03,0x04,0x0a,0xff,0x0b,0xff,0xff,0x06,0x07,0x62,0x52,0x60,0x50,0xff,0xff,0xff,0xff,0xff,0xff,0xff,0xff,0xff,0xff,0xff,0xff},
    {0x01,0x00,0x04,0x03,0x0a,0xff,0x0b,0xff,0xff,0x06,0x07,0x81,0x84,0x88,0x82,0xff,0xff,0xff,0xff,0xff,0xff,0x40,0x41,0x42,0x43,0xff,0xff},
    {0x00,0x01,0x02,0x03,0x08,0xff,0x09,0x0a,0x0b,0x04,0x06,0x81,0x84,0x88,0x82,0xff,0xff,0xff,0xff,0xff,0xff,0x40,0x41,0x43,0x42,0x05,0x07},
    {0x01,0x02,0x00,0x03,0x08,0xff,0x09,0x0a,0x0b,0x04,0x05,0x81,0x84,0x88,0x82,0xff,0xff,0xff,0xff,0xff,0xff,0x40,0x41,0x42,0x43,0x06,0x07},
    {0x02,0x01,0x03,0x00,0x08,0xff,0x09,0x0a,0x0b,0x04,0x05,0x81,0x84,0x88,0x82,0xff,0xff,0xff,0xff,0xff,0xff,0x40,0x41,0x42,0x43,0x06,0x07},
    {0x00,0x01,0x03,0x04,0xff,0xff,0xff,0x0d,0x0e,0x06,0x07,0x81,0x84,0x88,0x82,0xff,0xff,0xff,0xff,0xff,0xff,0x40,0x41,0x42,0x45,0x44,0x43},
    {0x01,0x02,0x00,0x03,0x08,0x0c,0x09,0x0a,0x0b,0x04,0x05,0x81,0x84,0x88,0x82,0x0d,0xff,0xff,0xff,0xff,0xff,0x40,0x41,0x42,0x43,0x06,0x07},
    {0x01,0x02,0x00,0x03,0x08,0x0c,0x09,0x0a,0x0b,0x04,0x05,0x81,0x84,0x88,0x82,0xff,0xff,0xff,0xff,0xff,0xff,0x40,0x41,0x42,0x43,0x06,0x07},
    {0x00,0x01,0x02,0x03,0x06,0xff,0x07,0x08,0x09,0x04,0x05,0x81,0x84,0x88,0x82,0xff,0xff,0xff,0xff,0xff,0xff,0x40,0x41,0x43,0x44,0x42,0x45},
    {0x00,0x01,0x02,0x03,0x06,0xff,0x07,0x08,0x09,0x04,0x05,0x81,0x84,0x88,0x82,0xff,0xff,0xff,0xff,0xff,0xff,0x40,0x41,0x43,0x44,0x42,0x42},
    {0x00,0x01,0x02,0x03,0x06,0xff,0x07,0x08,0x09,0x04,0x05,0x81,0x84,0x88,0x82,0xff,0xff,0xff,0xff,0xff,0xff,0x40,0x41,0x43,0x44,0x0a,0x0b},
    {0x01,0x02,0x00,0x03,0x08,0x0c,0x09,0xff,0xff,0x04,0x05,0x81,0x84,0x88,0x82,0xff,0xff,0xff,0xff,0xff,0xff,0xff,0xff,0xff,0xff,0x06,0x07},
    {0x01,0x02,0x00,0x03,0x08,0xff,0x09,0x0a,0x0b,0x04,0x05,0x81,0x84,0x88,0x82,0xff,0xff,0xff,0xff,0xff,0xff,0x40,0x41,0x43,0x42,0x06,0x07},
    {0x00,0x01,0x02,0x03,0x06,0x08,0x07,0x0a,0x0b,0x04,0x05,0x81,0x84,0x88,0x82,0x09,0xff,0xff,0xff,0xff,0xff,0x40,0x41,0x42,0x45,0x43,0x44},
    {0x01,0x00,0x03,0x02,0x0a,0x0b,0x06,0x08,0x07,0x05,0x04,0x81,0x84,0x88,0x82,0x09,0xff,0xff,0xff,0xff,0xff,0x40,0x41,0x43,0x44,0xff,0xff},
    {0x01,0x00,0x03,0x04,0x0a,0x0c,0x0b,0x0d,0x0e,0x06,0x07,0x81,0x84,0x88,0x82,0xff,0xff,0xff,0xff,0xff,0xff,0x40,0x41,0x42,0x44,0x08,0x09},
    {0x00,0x01,0x03,0x04,0x0a,0x0c,0x0b,0x0d,0x0e,0x06,0x07,0x81,0x84,0x88,0x82,0xff,0xff,0xff,0xff,0xff,0xff,0x40,0x41,0x43,0x45,0x08,0x09},
    {0x00,0x01,0x03,0x04,0x0a,0x0c,0x0b,0x0d,0x0e,0x06,0x07,0x81,0x84,0x88,0x82,0x0f,0xff,0xff,0xff,0xff,0xff,0x40,0x41,0x43,0x44,0x08,0x09},
    {0x01,0x00,0xff,0xff,0x03,0xff,0x02,0xff,0xff,0xff,0xff,0x61,0x51,0x60,0x50,0xff,0xff,0xff,0xff,0xff,0xff,0xff,0xff,0xff,0xff,0xff,0xff},
    {0x00,0x01,0x04,0x04,0xff,0xff,0xff,0xff,0xff,0x06,0x02,0x81,0x84,0x88,0x82,0xff,0xff,0xff,0xff,0xff,0xff,0x40,0x41,0xff,0xff,0x07,0x03},
    {0x01,0x02,0x00,0x03,0x08,0xff,0x09,0x0a,0x0b,0x04,0x05,0x81,0x84,0x88,0x82,0xff,0xff,0xff,0xff,0xff,0xff,0x40,0x41,0x42,0x45,0x43,0x44},
    {0x00,0x01,0x03,0x04,0x08,0xff,0x09,0xff,0xff,0x06,0x05,0x81,0x84,0x88,0x82,0xff,0xff,0xff,0xff,0xff,0xff,0x40,0x41,0xff,0xff,0x07,0x02},
    {0x01,0x02,0x00,0x03,0x08,0x0c,0x09,0x0a,0x0b,0x04,0x05,0x81,0x84,0x88,0x82,0xff,0xff,0xff,0xff,0xff,0x0d,0x40,0x41,0x42,0x45,0x43,0x44},
    {0x02,0x01,0x03,0x00,0x08,0xff,0x09,0xff,0xff,0xff,0x04,0x64,0x54,0x63,0x53,0xff,0xff,0xff,0xff,0xff,0xff,0xff,0xff,0xff,0xff,0xff,0x05},
    {0x02,0x01,0x03,0x00,0x08,0xff,0x09,0xff,0xff,0xff,0x04,0xff,0xff,0xff,0xff,0xff,0xff,0xff,0xff,0xff,0xff,0x43,0x44,0xff,0xff,0xff,0x05},
    {0x00,0xff,0xff,0xff,0xff,0xff,0xff,0xff,0xff,0xff,0xff,0xff,0xff,0xff,0xff,0xff,0xff,0xff,0xff,0xff,0xff,0x40,0x41,0xff,0xff,0xff,0xff},
    {0x00,0x01,0xff,0xff,0x04,0x02,0x03,0xff,0xff,0xff,0xff,0x81,0x84,0x88,0x82,0xff,0xff,0xff,0xff,0xff,0xff,0xff,0xff,0xff,0xff,0xff,0xff},
    {0x00,0x01,0x02,0x03,0x0a,0x08,0x09,0x06,0x07,0x04,0x05,0x81,0x84,0x88,0x82,0xff,0xff,0xff,0xff,0xff,0xff,0x40,0x41,0x43,0x44,0xff,0xff},
    {0x01,0x02,0x00,0x03,0xff,0xff,0x09,0xff,0xff,0x0d,0x05,0x81,0x84,0x88,0x82,0xff,0xff,0xff,0xff,0xff,0xff,0xff,0xff,0xff,0xff,0x0e,0x07},
    {0x04,0x05,0x07,0x08,0x0e,0x10,0x0f,0x11,0x12,0x0a,0x0b,0x81,0x84,0x88,0x82,0xff,0xff,0xff,0xff,0xff,0xff,0x40,0x41,0x43,0x44,0x0c,0x0d},
    {0x06,0x07,0x04,0x05,0x02,0xff,0x03,0xff,0xff,0x00,0x01,0xff,0xff,0xff,0xff,0xff,0xff,0xff,0xff,0xff,0xff,0x40,0x41,0xff,0xff,0xff,0xff},
    {0x00,0x01,0x03,0x04,0x02,0x0b,0x0f,0x0d,0x05,0x06,0x07,0x81,0x84,0x88,0x82,0xff,0xff,0xff,0xff,0xff,0xff,0x40,0x41,0x43,0x44,0x08,0x09},
    {0x00,0x01,0x02,0x03,0x08,0xff,0x09,0xff,0xff,0x04,0x06,0x81,0x84,0x88,0x82,0xff,0xff,0xff,0xff,0xff,0xff,0x40,0x41,0x45,0x42,0x05,0x07},
    {0x00,0x01,0x02,0x03,0x08,0x09,0x0a,0x0c,0x0b,0x04,0x06,0x81,0x84,0x88,0x82,0xff,0xff,0xff,0xff,0xff,0xff,0x40,0x41,0x43,0x42,0x05,0x07},
    {0x02,0x01,0x03,0x00,0x08,0xff,0x09,0x0a,0x0b,0x04,0x05,0x81,0x84,0x88,0x82,0xff,0xff,0xff,0xff,0xff,0xff,0x40,0x41,0x42,0x44,0x06,0x07},
    {0x00,0x01,0x02,0x03,0x06,0xff,0x07,0x08,0x09,0x04,0x05,0x81,0x84,0x88,0x82,0xff,0xff,0xff,0xff,0xff,0xff,0x40,0x41,0x42,0x45,0x42,0xff},
    {0x00,0x01,0x02,0x03,0x06,0xff,0x07,0x08,0x09,0x04,0x05,0x81,0x84,0x88,0x82,0xff,0xff,0xff,0xff,0xff,0xff,0x40,0x41,0x45,0x42,0x42,0x45},
    {0x00,0x01,0x02,0x03,0x08,0x0c,0x09,0x0a,0x0b,0x04,0x05,0x81,0x84,0x88,0x82,0xff,0xff,0xff,0xff,0xff,0xff,0x40,0x41,0x42,0x43,0x06,0x07},
    {0x00,0x01,0x03,0x02,0x08,0x0c,0x09,0x0a,0x0b,0x04,0x05,0x81,0x84,0x88,0x82,0xff,0xff,0xff,0xff,0xff,0xff,0x40,0x41,0x42,0x43,0x06,0x07},
    {0x01,0x02,0x00,0x03,0x08,0x0c,0x09,0x0a,0x0b,0x04,0x05,0x81,0x84,0x88,0x82,0xff,0xff,0xff,0xff,0xff,0x0d,0x40,0x41,0x42,0x43,0x06,0x07},
    {0x01,0x02,0x00,0x03,0x0d,0xff,0x09,0x0a,0x0b,0x04,0x05,0x81,0x84,0x88,0x82,0xff,0xff,0xff,0xff,0xff,0xff,0x40,0x41,0x42,0x45,0x43,0x44},
    {0x02,0x01,0x03,0x00,0x08,0xff,0x09,0xff,0xff,0x06,0x07,0x81,0x84,0x88,0x82,0xff,0xff,0xff,0xff,0xff,0xff,0x40,0x41,0xff,0xff,0x04,0x05},
    {0x00,0x01,0x03,0x04,0x0a,0xff,0x0b,0x0d,0x0e,0x06,0x07,0x81,0x84,0x88,0x82,0xff,0xff,0xff,0xff,0xff,0xff,0x40,0x41,0xff,0xff,0xff,0xff},
    {0x05,0x03,0x04,0x02,0x0c,0xff,0x0d,0x0a,0x0b,0x08,0x09,0x81,0x84,0x88,0x82,0xff,0xff,0xff,0xff,0xff,0xff,0x40,0x41,0x42,0x43,0x06,0x07},
    {0x03,0x04,0x00,0x01,0x07,0xff,0x06,0xff,0xff,0x02,0x05,0xff,0xff,0xff,0xff,0xff,0xff,0xff,0xff,0xff,0xff,0x40,0x41,0xff,0xff,0xff,0xff},
    {0x00,0x01,0x02,0x03,0x06,0xff,0x07,0x08,0x09,0x04,0x05,0x81,0x84,0x88,0x82,0xff,0xff,0xff,0xff,0xff,0xff,0x40,0x41,0x43,0x44,0xff,0xff},
    {0x01,0x02,0x00,0x03,0x08,0x0c,0x09,0x0a,0x0b,0x04,0x05,0x81,0x84,0x88,0x82,0xff,0xff,0xff,0xff,0xff,0xff,0x40,0x41,0x42,0x45,0x06,0x07},
    {0x00,0x01,0xff,0xff,0x02,0xff,0x03,0xff,0xff,0xff,0xff,0xff,0xff,0xff,0xff,0xff,0xff,0xff,0xff,0xff,0xff,0x40,0x41,0xff,0xff,0xff,0xff},
    {0x00,0x01,0x02,0x03,0xff,0xff,0x07,0xff,0xff,0xff,0x06,0x81,0x84,0x88,0x82,0xff,0xff,0xff,0xff,0xff,0xff,0x40,0x41,0x42,0x73,0x45,0x44},
    {0x00,0x01,0x02,0x03,0x06,0xff,0x07,0x0a,0x0b,0x04,0x05,0x81,0x84,0x88,0x82,0xff,0xff,0xff,0xff,0xff,0xff,0x40,0x41,0x43,0x44,0x42,0x42},
    {0x01,0x02,0x00,0x03,0x08,0xff,0x09,0x0a,0x0b,0x04,0x05,0x81,0x84,0x88,0x82,0xff,0xff,0xff,0xff,0xff,0xff,0x40,0x41,0x42,0x44,0x53,0x63},
    {0x07,0x06,0x04,0x05,0x0a,0xff,0x0c,0x08,0x09,0x00,0x02,0x81,0x84,0x88,0x82,0xff,0xff,0xff,0xff,0xff,0xff,0x40,0x41,0x42,0x43,0x01,0x03},
    {0x01,0x02,0x00,0x03,0x08,0xff,0x09,0xff,0xff,0x04,0x05,0x81,0x84,0x88,0x82,0xff,0xff,0xff,0xff,0xff,0xff,0x40,0x41,0x42,0x45,0x06,0x07},
    {0x00,0x01,0x02,0x03,0x08,0xff,0x09,0x0a,0x0b,0x04,0x05,0x81,0x84,0x88,0x82,0xff,0xff,0xff,0xff,0xff,0xff,0x40,0x41,0x42,0x43,0x06,0x07},
    {0x02,0x01,0x03,0x00,0x08,0x0a,0x09,0xff,0xff,0x06,0x07,0x81,0x84,0x88,0x82,0xff,0xff,0xff,0xff,0xff,0xff,0x40,0x41,0x42,0x43,0x04,0x05},
    {0x02,0x01,0x03,0x00,0x09,0xff,0x08,0x0a,0x0b,0x06,0x07,0x0c,0x0e,0x0f,0x0d,0xff,0xff,0xff,0xff,0xff,0xff,0x40,0x41,0x42,0x43,0x04,0x05},
    {0x08,0x09,0x0a,0x0b,0x04,0xff,0x05,0x06,0x07,0x0d,0x0c,0x00,0x01,0x02,0x03,0xff,0xff,0xff,0xff,0xff,0xff,0x40,0x41,0xff,0xff,0x0e,0x0f},
    {0x00,0x02,0x01,0x03,0x08,0xff,0x09,0x0a,0x0b,0x04,0x06,0x81,0x84,0x88,0x82,0xff,0xff,0xff,0xff,0xff,0xff,0x40,0x41,0x42,0x43,0x05,0x07},
    {0x02,0x01,0x03,0x00,0x08,0xff,0x0b,0x09,0x0a,0x06,0x07,0x81,0x84,0x88,0x82,0xff,0xff,0xff,0xff,0xff,0xff,0x40,0x41,0x43,0x42,0x04,0x05},
    {0x02,0x03,0x00,0x01,0x08,0xff,0x09,0x0a,0x0b,0x04,0x05,0x81,0x84,0x88,0x82,0xff,0xff,0xff,0xff,0xff,0xff,0x40,0x41,0x42,0x44,0x06,0x07},
    {0x02,0x03,0x00,0x01,0x11,0xff,0x14,0x0e,0x0f,0x08,0x0b,0x81,0x84,0x88,0x82,0xff,0xff,0xff,0xff,0xff,0xff,0x40,0x41,0x43,0x44,0x0c,0x0d},
    {0x02,0x03,0x00,0x01,0x08,0xff,0x09,0x0a,0x0b,0x04,0x05,0x81,0x84,0x88,0x82,0xff,0xff,0xff,0xff,0xff,0xff,0x40,0x41,0x42,0x43,0x06,0x07},
    {0x00,0x01,0x03,0x04,0xff,0xff,0x08,0xff,0xff,0x07,0x02,0x81,0x84,0x88,0x82,0xff,0xff,0xff,0xff,0xff,0xff,0x40,0x41,0xff,0xff,0x06,0x05},
    {0x01,0x02,0x04,0x05,0x03,0x0a,0x00,0xff,0xff,0x06,0x07,0x81,0x84,0x88,0x82,0xff,0xff,0xff,0xff,0xff,0xff,0x40,0x41,0xff,0xff,0x08,0x09},
    {0x02,0x03,0x00,0x01,0x0a,0xff,0x0b,0x08,0x09,0x04,0x05,0x81,0x84,0x88,0x82,0xff,0xff,0xff,0xff,0xff,0xff,0x40,0x41,0x42,0x43,0x06,0x07},
    {0x02,0x01,0x03,0x00,0x09,0xff,0x08,0x0a,0x0b,0x06,0x07,0x81,0x84,0x88,0x82,0xff,0xff,0xff,0xff,0xff,0xff,0x40,0x41,0x42,0x43,0x04,0x05},
    {0x02,0x03,0x00,0x01,0x0a,0x0c,0x0b,0x08,0x09,0x04,0x05,0x81,0x84,0x88,0x82,0xff,0xff,0xff,0xff,0xff,0xff,0x40,0x41,0x42,0x43,0x06,0x07},
    {0x02,0x03,0x00,0x01,0x0a,0xff,0x0b,0x08,0x09,0x04,0x05,0x81,0x84,0x88,0x82,0xff,0xff,0xff,0xff,0xff,0xff,0x40,0x41,0x43,0x42,0x06,0x07},
    {0x02,0x03,0x00,0x01,0x08,0xff,0x09,0xff,0xff,0x04,0x05,0x81,0x84,0x88,0x82,0xff,0xff,0xff,0xff,0xff,0xff,0x40,0x41,0x42,0x43,0x06,0x07},
    {0x01,0x02,0x00,0x03,0x09,0xff,0x08,0xff,0xff,0x04,0x05,0x63,0x53,0x65,0x55,0xff,0xff,0xff,0xff,0xff,0xff,0x40,0x41,0x44,0x42,0x06,0x07},
    {0x01,0x02,0x00,0x03,0x08,0x0c,0x09,0x0a,0x0b,0x04,0x05,0x81,0x84,0x88,0x82,0xff,0xff,0xff,0xff,0xff,0xff,0x40,0x41,0x42,0x45,0x43,0x44},
    {0x02,0x01,0x03,0x00,0x08,0xff,0x09,0x0a,0x0b,0x06,0x07,0x0c,0x0e,0x0f,0x0d,0xff,0xff,0xff,0xff,0xff,0xff,0x40,0x41,0x43,0x42,0x04,0x05},
    {0x00,0x01,0x02,0x03,0x09,0xff,0x08,0x0a,0x0b,0x06,0x07,0x81,0x84,0x88,0x82,0xff,0xff,0xff,0xff,0xff,0xff,0x40,0x41,0x42,0x43,0x04,0x05},
    {0x00,0x01,0x02,0x03,0x07,0xff,0x06,0x08,0x09,0x04,0x05,0x81,0x84,0x88,0x82,0xff,0xff,0xff,0xff,0xff,0xff,0x40,0x41,0x42,0x43,0x04,0x05},
    {0x02,0x01,0x03,0x00,0x08,0xff,0x09,0x0a,0x0b,0x04,0x05,0x81,0x84,0x88,0x82,0xff,0xff,0xff,0xff,0xff,0xff,0x41,0x40,0x43,0x42,0x04,0x07},
    {0x00,0x01,0x03,0x02,0x08,0xff,0x09,0x0a,0x0b,0x04,0x05,0x81,0x84,0x88,0x82,0xff,0xff,0xff,0xff,0xff,0xff,0x40,0x41,0x42,0x43,0x06,0x07},
    {0x00,0x01,0x02,0x03,0x08,0xff,0x09,0x08,0x07,0x04,0x05,0x81,0x84,0x88,0x82,0xff,0xff,0xff,0xff,0xff,0xff,0x40,0x41,0x42,0x43,0xff,0xff},
    {0x01,0x00,0x04,0x03,0x0a,0xff,0x0b,0x0d,0x0e,0x08,0x09,0x81,0x84,0x88,0x82,0xff,0xff,0xff,0xff,0xff,0xff,0x40,0x41,0x43,0x44,0x06,0x07},
    {0x00,0x01,0x02,0x03,0x06,0xff,0x07,0xff,0xff,0x04,0x05,0xff,0xff,0xff,0xff,0xff,0xff,0xff,0xff,0xff,0xff,0x40,0x41,0xff,0xff,0xff,0xff},
    {0x00,0x01,0x02,0x03,0x06,0xff,0x07,0xff,0xff,0x04,0x05,0x81,0x84,0x88,0x82,0xff,0xff,0xff,0xff,0xff,0xff,0x40,0x41,0x43,0x44,0x0a,0x0b},
    {0x00,0x01,0x02,0x03,0x06,0xff,0x07,0x08,0x09,0x04,0x05,0x81,0x84,0x88,0x82,0xff,0xff,0xff,0xff,0xff,0xff,0x40,0x41,0x43,0x44,0x06,0x07},
    {0x00,0x01,0x02,0x03,0x06,0xff,0x07,0xff,0xff,0x04,0x05,0x81,0x84,0x88,0x82,0xff,0xff,0xff,0xff,0xff,0xff,0xff,0xff,0xff,0xff,0x08,0x09},
    {0x09,0x07,0x08,0x04,0xff,0xff,0x0c,0x0a,0x0b,0x00,0x02,0x81,0x84,0x88,0x82,0xff,0xff,0xff,0xff,0xff,0xff,0x40,0x41,0xff,0xff,0x01,0x03},
    {0x02,0x04,0x03,0x05,0x0a,0xff,0x0b,0xff,0xff,0x06,0x08,0xff,0xff,0xff,0xff,0xff,0xff,0xff,0xff,0xff,0xff,0x40,0x41,0xff,0xff,0x07,0x09},
    {0x00,0x02,0x01,0x03,0xff,0xff,0xff,0xff,0xff,0x04,0x06,0xff,0xff,0xff,0xff,0xff,0xff,0xff,0xff,0xff,0xff,0x40,0x41,0xff,0xff,0x05,0x07},
    {0x1b,0x1a,0x19,0x18,0x13,0x06,0x12,0x11,0x10,0x17,0x16,0x81,0x84,0x88,0x82,0xff,0xff,0xff,0xff,0xff,0xff,0x40,0x41,0x43,0x44,0x15,0x14},
    {0x00,0x01,0x02,0x03,0x0a,0xff,0x0b,0x0c,0x0d,0x06,0x07,0x81,0x84,0x88,0x82,0x0e,0x04,0x05,0x10,0x11,0xff,0x40,0x41,0x43,0x44,0x08,0x09},
    {0x00,0x01,0x03,0x04,0x0a,0xff,0x0b,0x0c,0x0d,0x06,0x07,0x81,0x84,0x88,0x82,0x02,0x10,0x11,0x0e,0x0f,0xff,0x40,0x41,0x43,0x44,0x08,0x09},
    {0x01,0x00,0x02,0x03,0xff,0xff,0x09,0xff,0xff,0xff,0x07,0x81,0x84,0x88,0x82,0xff,0xff,0xff,0xff,0xff,0xff,0x40,0x41,0x45,0x42,0x43,0x44},
    {0x00,0x01,0x02,0x03,0xff,0x06,0x07,0xff,0xff,0xff,0xff,0x81,0x84,0x88,0x82,0xff,0xff,0xff,0xff,0xff,0xff,0x40,0x41,0x42,0x43,0x44,0x45},
    {0x02,0x03,0x01,0x00,0xff,0xff,0x09,0xff,0xff,0xff,0x07,0x0c,0x0e,0x0f,0x0d,0xff,0xff,0xff,0xff,0xff,0xff,0x40,0x41,0x45,0x42,0x43,0x44},
    {0x00,0x02,0x01,0x03,0xff,0xff,0x07,0xff,0xff,0xff,0x06,0x0b,0x0a,0x08,0x09,0xff,0xff,0xff,0xff,0xff,0xff,0x40,0x41,0x45,0x42,0x44,0x43},
    {0x01,0x00,0x02,0x03,0xff,0xff,0x09,0xff,0xff,0xff,0x07,0x0c,0x0e,0x0f,0x0d,0xff,0xff,0xff,0xff,0xff,0xff,0x40,0x41,0x45,0x42,0x43,0x44},
    {0x00,0x01,0x03,0x04,0x0a,0xff,0x0b,0x0d,0x0e,0x06,0x07,0x81,0x84,0x88,0x82,0xff,0xff,0xff,0xff,0xff,0xff,0x40,0x41,0x43,0x44,0x08,0x09},
    {0x02,0x01,0x03,0x00,0x08,0x0c,0x09,0x0a,0x0b,0x04,0x05,0x81,0x84,0x88,0x82,0xff,0xff,0xff,0xff,0xff,0xff,0x40,0x41,0x42,0x43,0x06,0x07},
    {0x10,0x13,0x11,0x12,0x0a,0x0c,0x0b,0x0d,0xff,0x06,0x07,0x81,0x84,0x88,0x82,0xff,0x19,0x18,0x1b,0x1a,0xff,0x40,0x41,0x43,0x44,0x08,0x09},
    {0x00,0x01,0x03,0x04,0x0a,0x0f,0x0b,0x0d,0x0e,0x06,0x07,0x81,0x84,0x88,0x82,0xff,0xff,0xff,0xff,0xff,0xff,0x40,0x41,0x43,0x44,0x08,0x09},
    {0x00,0x01,0x02,0x03,0x07,0xff,0x06,0x08,0x09,0x04,0x05,0x81,0x84,0x88,0x82,0xff,0xff,0xff,0xff,0xff,0xff,0x40,0x41,0x43,0x44,0x0a,0x0b},
    {0x00,0x01,0x03,0x04,0xff,0xff,0x0b,0x0d,0x0e,0x06,0x07,0x81,0x84,0x88,0x82,0xff,0xff,0xff,0xff,0xff,0xff,0x40,0x41,0x42,0x45,0xff,0xff},
    {0x03,0x00,0x01,0x02,0xff,0xff,0x07,0xff,0xff,0x04,0x05,0x0b,0x0a,0x09,0x08,0xff,0xff,0xff,0xff,0xff,0xff,0xff,0xff,0xff,0xff,0xff,0xff},
    {0x00,0x01,0x02,0x03,0x08,0xff,0x09,0x0a,0x0b,0x06,0x04,0x81,0x84,0x88,0x82,0xff,0xff,0xff,0xff,0xff,0xff,0x40,0x41,0x43,0x42,0x07,0x05},
    {0x02,0x01,0x03,0x00,0x08,0xff,0x09,0x0a,0x0b,0x04,0x05,0x81,0x84,0x88,0x82,0xff,0xff,0xff,0xff,0xff,0xff,0x40,0x41,0x43,0x42,0x06,0x07},
    {0x00,0x01,0x02,0x03,0x08,0x0a,0x09,0x06,0x07,0x04,0x05,0x81,0x84,0x88,0x82,0xff,0xff,0xff,0xff,0xff,0xff,0x40,0x41,0x43,0x44,0x0c,0x0b},
    {0x01,0x02,0x00,0x03,0xff,0xff,0xff,0xff,0xff,0x04,0x05,0x61,0x51,0x60,0x50,0xff,0xff,0xff,0xff,0xff,0xff,0xff,0xff,0xff,0xff,0xff,0xff},
    {0x01,0x02,0x00,0x03,0x08,0xff,0x09,0xff,0xff,0x04,0x05,0x61,0x51,0x60,0x50,0xff,0xff,0xff,0xff,0xff,0xff,0xff,0xff,0xff,0xff,0x06,0x07},
    {0x01,0x02,0x00,0x03,0x08,0xff,0x09,0xff,0xff,0x04,0x05,0x64,0x51,0x60,0x53,0xff,0xff,0xff,0xff,0xff,0xff,0xff,0xff,0xff,0xff,0x06,0x07},
    {0x02,0x01,0x03,0x00,0x08,0xff,0x0b,0x09,0x0a,0x06,0x07,0x81,0x84,0x88,0x82,0xff,0xff,0xff,0xff,0xff,0xff,0x40,0x41,0x45,0x42,0x04,0x05},
    {0x00,0x02,0x01,0x03,0x11,0x12,0x10,0x08,0x09,0x0a,0x0b,0x04,0x05,0x06,0x07,0x13,0x0d,0x0c,0xff,0xff,0xff,0x40,0x41,0x42,0x45,0x43,0x44},
    {0x01,0x00,0x03,0x02,0x11,0x12,0x10,0x08,0x09,0x0a,0x0b,0x04,0x05,0x06,0x07,0x13,0x0d,0x0c,0xff,0xff,0xff,0x40,0x41,0x42,0x45,0x43,0x44},
    {0x02,0x01,0x03,0x00,0x08,0xff,0x09,0xff,0xff,0x04,0x05,0x61,0x51,0x60,0x50,0xff,0xff,0xff,0xff,0xff,0xff,0xff,0xff,0xff,0xff,0x06,0x07},
    {0x01,0x02,0x00,0x03,0x08,0x0c,0x09,0xff,0xff,0x05,0x07,0x81,0x84,0x88,0x82,0xff,0xff,0xff,0xff,0xff,0xff,0xff,0xff,0xff,0xff,0x04,0x06},
    {0x00,0x01,0x02,0x03,0x06,0xff,0x07,0xff,0xff,0x04,0x05,0x81,0x84,0x88,0x82,0xff,0xff,0xff,0xff,0xff,0xff,0x40,0x41,0x43,0x44,0x08,0x09},
    {0x01,0x02,0x00,0x03,0x08,0x0c,0x09,0xff,0xff,0x04,0x05,0x81,0x84,0x88,0x82,0xff,0xff,0xff,0xff,0xff,0xff,0x40,0x41,0x42,0x43,0x06,0x07},
    {0x01,0x02,0x00,0x03,0x08,0x0c,0x09,0xff,0xff,0x04,0x05,0x81,0x84,0x88,0x82,0xff,0xff,0xff,0xff,0xff,0x0d,0x40,0x41,0x42,0x45,0x43,0x44},
    {0x01,0x02,0x00,0x03,0x08,0xff,0x09,0x0a,0x0b,0x04,0x05,0x81,0x84,0x88,0x82,0xff,0xff,0xff,0xff,0xff,0xff,0x40,0x41,0xff,0xff,0x06,0x07},
    {0x00,0x01,0x02,0x03,0x06,0xff,0x07,0x08,0x09,0x04,0x05,0x81,0x84,0x88,0x82,0xff,0xff,0xff,0xff,0xff,0xff,0x40,0x41,0xff,0xff,0x52,0x62},
    {0x01,0x02,0x00,0x03,0x09,0x0c,0x08,0xff,0xff,0x04,0x05,0x81,0x84,0x88,0x82,0xff,0xff,0xff,0xff,0xff,0xff,0xff,0xff,0xff,0xff,0x06,0x07},
    {0x01,0x02,0x00,0x03,0x08,0x0c,0x09,0xff,0xff,0x04,0x05,0x81,0x84,0x88,0x82,0xff,0xff,0xff,0xff,0xff,0x0d,0xff,0xff,0xff,0xff,0x06,0x07},
    {0x01,0x00,0x03,0x02,0x06,0xff,0x07,0x08,0x09,0x04,0x05,0x81,0x84,0x88,0x82,0xff,0xff,0xff,0xff,0xff,0xff,0x40,0x41,0x43,0x44,0xff,0xff},
    {0x01,0x02,0x00,0x03,0x08,0xff,0x0d,0x0a,0x0b,0x04,0x05,0x81,0x84,0x88,0x82,0xff,0xff,0xff,0xff,0xff,0xff,0x40,0x41,0x42,0x45,0x43,0x44},
    {0x01,0x02,0x00,0x03,0x08,0x0c,0x09,0x0a,0x0b,0x04,0x05,0x81,0x84,0x88,0x82,0xff,0xff,0xff,0xff,0xff,0x0d,0x40,0x41,0x42,0x45,0x06,0x07},
    {0x01,0x02,0xff,0xff,0x08,0xff,0x09,0xff,0xff,0xff,0xff,0x81,0x84,0x88,0x82,0xff,0xff,0xff,0xff,0xff,0xff,0xff,0xff,0xff,0xff,0xff,0xff},
    {0x01,0x02,0x00,0x03,0x08,0xff,0x09,0xff,0xff,0x04,0x05,0x81,0x84,0x88,0x82,0xff,0xff,0xff,0xff,0xff,0xff,0xff,0xff,0xff,0xff,0x06,0x07},
    {0x01,0x02,0x00,0x03,0x08,0x0c,0x09,0x0a,0x0b,0x04,0x05,0x81,0x84,0x88,0x82,0xff,0xff,0xff,0xff,0xff,0xff,0xff,0xff,0xff,0xff,0x06,0x07},
    {0x01,0x02,0x00,0x03,0x08,0xff,0x09,0x0a,0x0b,0x04,0x05,0x81,0x84,0x88,0x82,0xff,0xff,0xff,0xff,0xff,0xff,0x40,0x41,0x42,0x43,0x43,0x44},
    {0x01,0x02,0x00,0x03,0x08,0xff,0x09,0x04,0x06,0x0a,0x05,0x81,0x84,0x88,0x82,0xff,0xff,0xff,0xff,0xff,0xff,0x40,0x41,0x42,0x43,0x0b,0x07},
    {0x00,0x01,0x02,0x03,0x04,0xff,0x06,0x07,0x08,0x09,0x0a,0x0b,0x0c,0x0d,0x0e,0xff,0xff,0xff,0xff,0xff,0xff,0x40,0x41,0x42,0x43,0x44,0x45},
    {0x01,0x02,0x00,0x03,0x08,0xff,0x09,0x0a,0x0b,0x04,0x05,0x81,0x84,0x88,0x82,0xff,0xff,0xff,0xff,0xff,0xff,0x40,0x41,0x43,0x44,0x42,0x45},
    {0x00,0x01,0x02,0x03,0x07,0xff,0x06,0xff,0xff,0x04,0x05,0x81,0x84,0x88,0x82,0xff,0xff,0xff,0xff,0xff,0xff,0x40,0x41,0x42,0x45,0x0a,0x0b},
    {0x01,0x00,0x03,0x02,0x08,0x0c,0x09,0x0a,0x0b,0x04,0x05,0x81,0x84,0x88,0x82,0x0d,0xff,0xff,0xff,0xff,0xff,0x40,0x41,0x42,0x43,0x06,0x07},
    {0x00,0x01,0x02,0x03,0x06,0xff,0x07,0x09,0x0a,0x04,0x05,0x81,0x84,0x88,0x82,0xff,0xff,0xff,0xff,0xff,0xff,0x40,0x41,0x43,0x44,0x42,0x45},
    {0x00,0x01,0x03,0x04,0x0a,0x0c,0x0b,0x0d,0x0e,0x06,0x07,0x81,0x84,0x88,0x82,0xff,0x05,0x0f,0x12,0x13,0xff,0x40,0x41,0x43,0x44,0x08,0x09},
    {0x01,0x00,0xff,0xff,0xff,0xff,0x09,0xff,0xff,0x04,0x05,0x81,0x84,0x88,0x82,0xff,0xff,0xff,0xff,0xff,0xff,0x40,0x41,0xff,0xff,0x0e,0xff},
    {0x01,0x02,0xff,0xff,0xff,0xff,0x09,0xff,0xff,0x04,0x05,0x81,0x84,0x88,0x82,0xff,0xff,0xff,0xff,0xff,0xff,0x40,0x41,0x42,0x43,0x06,0xff},
    {0x01,0x02,0xff,0xff,0xff,0xff,0x09,0xff,0xff,0x07,0x05,0x81,0x84,0x88,0x82,0xff,0xff,0xff,0xff,0xff,0xff,0x40,0x41,0x45,0x42,0x04,0xff},
    {0x03,0x07,0x02,0x06,0x05,0xff,0x04,0xff,0xff,0x00,0x01,0x64,0x54,0x60,0x50,0xff,0xff,0xff,0xff,0xff,0xff,0xff,0xff,0xff,0xff,0xff,0xff},
    {0x00,0x01,0x02,0x03,0x08,0xff,0x09,0xff,0xff,0x04,0x05,0x81,0x84,0x88,0x82,0xff,0xff,0xff,0xff,0xff,0xff,0xff,0xff,0xff,0xff,0xff,0xff},
    {0x00,0x01,0xff,0xff,0x04,0xff,0x05,0xff,0xff,0x02,0x03,0xff,0xff,0xff,0xff,0xff,0xff,0xff,0xff,0xff,0xff,0x40,0x41,0xff,0xff,0xff,0xff},
    {0x00,0x01,0x03,0x04,0x0a,0x0c,0x0b,0x62,0x55,0x06,0x07,0x81,0x84,0x88,0x82,0xff,0xff,0xff,0xff,0xff,0xff,0x40,0x41,0x43,0x44,0x08,0x09},
    {0x00,0x01,0x04,0x05,0x09,0xff,0x08,0x0a,0x0b,0x06,0x02,0x81,0x84,0x88,0x82,0xff,0xff,0xff,0xff,0xff,0xff,0x40,0x41,0x42,0x45,0x07,0x03},
    {0x02,0x01,0x03,0x00,0x08,0xff,0x09,0x0a,0x0b,0x06,0x07,0x81,0x84,0x88,0x82,0xff,0xff,0xff,0xff,0xff,0xff,0x40,0x41,0x42,0x43,0x04,0x05},
    {0x00,0x01,0x04,0x06,0x0a,0xff,0x0b,0xff,0xff,0x06,0x07,0x81,0x84,0x88,0x82,0xff,0xff,0xff,0xff,0xff,0xff,0x40,0x41,0x42,0x45,0x08,0x09},
    {0x02,0x03,0x00,0x01,0x08,0xff,0x09,0x0a,0x0b,0x04,0x06,0xff,0xff,0xff,0xff,0xff,0xff,0xff,0xff,0xff,0xff,0x40,0x41,0x43,0x42,0x05,0x07},
    {0x00,0x01,0x03,0x04,0x08,0xff,0x09,0xff,0xff,0x06,0x05,0x61,0x51,0x60,0x50,0xff,0xff,0xff,0xff,0xff,0xff,0xff,0xff,0xff,0xff,0x07,0x02},
    {0x02,0x03,0x00,0x01,0x0a,0xff,0x0b,0x08,0x09,0x04,0x05,0x81,0x84,0x88,0x82,0xff,0xff,0xff,0xff,0xff,0xff,0x40,0x41,0x42,0x45,0x06,0x07},
    {0x03,0x04,0x00,0x01,0xff,0xff,0xff,0xff,0xff,0x06,0x02,0xff,0xff,0xff,0xff,0xff,0xff,0xff,0xff,0xff,0xff,0x40,0x41,0xff,0xff,0x07,0x05},
    {0x03,0x04,0x00,0x01,0xff,0xff,0x0a,0x02,0x05,0x06,0x07,0x81,0x84,0x88,0x82,0xff,0xff,0xff,0xff,0xff,0xff,0xff,0xff,0xff,0xff,0x08,0x09},
    {0x03,0x04,0x00,0x01,0x0a,0xff,0x0b,0xff,0xff,0x06,0x07,0x81,0x84,0x88,0x82,0xff,0xff,0xff,0xff,0xff,0xff,0x40,0x41,0x42,0x45,0x08,0x09},
    {0x04,0x05,0x01,0x02,0x0a,0xff,0x0b,0xff,0xff,0x06,0x07,0x81,0x84,0x88,0x82,0xff,0xff,0xff,0xff,0xff,0xff,0x40,0x41,0x42,0x45,0x08,0x09},
    {0x03,0x04,0x00,0x01,0xff,0xff,0xff,0xff,0xff,0x06,0x02,0x81,0x84,0x88,0x82,0xff,0xff,0xff,0xff,0xff,0xff,0x40,0x41,0xff,0xff,0x07,0x05},
    {0x00,0x01,0x03,0x04,0x0a,0x0c,0x0b,0x0d,0x0e,0x08,0x09,0x81,0x84,0x88,0x82,0xff,0xff,0xff,0xff,0xff,0xff,0x40,0x41,0x43,0x44,0x06,0x07},
    {0x00,0x01,0x03,0x04,0x0a,0xff,0x0b,0x0d,0x0e,0x06,0x07,0x81,0x84,0x88,0x82,0xff,0xff,0xff,0xff,0xff,0xff,0x40,0x41,0x43,0xff,0x08,0x09},
    {0x02,0x01,0x03,0x00,0x09,0xff,0x08,0xff,0xff,0x05,0x07,0xff,0xff,0xff,0xff,0xff,0xff,0xff,0xff,0xff,0xff,0x40,0x41,0xff,0xff,0x04,0x06},
    {0x02,0x03,0x00,0x01,0x08,0xff,0x09,0xff,0x0b,0x04,0x05,0x81,0x84,0x88,0x82,0xff,0xff,0xff,0xff,0xff,0xff,0x42,0x43,0x40,0x41,0x06,0x07},
    {0x02,0x01,0x03,0x00,0x08,0xff,0x0f,0x0a,0x0b,0x04,0x05,0x81,0x84,0x88,0x82,0xff,0xff,0xff,0xff,0xff,0xff,0x40,0x41,0x42,0x42,0x06,0x07},
    {0x01,0x04,0x00,0x03,0x0a,0x0c,0x0b,0x0d,0x0e,0x06,0x07,0x81,0x84,0x88,0x82,0xff,0xff,0xff,0xff,0xff,0xff,0xff,0xff,0x43,0x44,0x08,0x09},
    {0x04,0x05,0x00,0x01,0x08,0xff,0x09,0xff,0xff,0x02,0x06,0xff,0xff,0xff,0xff,0xff,0xff,0xff,0xff,0xff,0xff,0x40,0x41,0xff,0xff,0x03,0x07},
    {0x01,0x02,0x00,0x03,0x08,0x0c,0x09,0x0a,0x0b,0x06,0x07,0x81,0x84,0x88,0x82,0xff,0xff,0xff,0xff,0xff,0xff,0x40,0x41,0x42,0x43,0x04,0x05},
    {0x02,0x01,0x03,0x00,0x08,0xff,0x09,0x0a,0x0b,0x06,0x07,0x81,0x84,0x88,0x82,0xff,0xff,0xff,0xff,0xff,0xff,0x40,0x41,0x43,0x42,0x04,0x05},
    {0x02,0x01,0x03,0x00,0x08,0xff,0x09,0xff,0xff,0x04,0x05,0x81,0x84,0x88,0x82,0xff,0xff,0xff,0xff,0xff,0xff,0x40,0x41,0x42,0x43,0x06,0x07},
    {0x00,0x01,0x03,0x04,0x0a,0xff,0x08,0xff,0xff,0x06,0x05,0x81,0x84,0x88,0x82,0xff,0xff,0xff,0xff,0xff,0xff,0x40,0x41,0xff,0xff,0x07,0x02},
    {0x00,0x01,0x03,0x04,0x02,0xff,0x08,0x08,0x05,0x06,0x07,0x81,0x84,0x88,0x82,0xff,0xff,0xff,0xff,0xff,0xff,0x40,0x41,0xff,0xff,0x75,0x72},
    {0x00,0x01,0x04,0xff,0x08,0xff,0xff,0x05,0x02,0x09,0x0a,0x81,0x84,0x88,0x82,0xff,0xff,0xff,0xff,0xff,0xff,0x40,0x41,0x43,0x44,0x06,0x07},
    {0x00,0x01,0x03,0x04,0x08,0xff,0xff,0xff,0xff,0x06,0x05,0x81,0x84,0x88,0x82,0xff,0xff,0xff,0xff,0xff,0xff,0x40,0x41,0x43,0x44,0x07,0x02},
    {0x00,0xff,0x01,0xff,0xff,0xff,0x09,0xff,0xff,0x03,0x04,0x81,0x84,0x88,0x82,0xff,0xff,0xff,0xff,0xff,0xff,0x40,0x41,0xff,0xff,0x02,0xff},
    {0x01,0x02,0x00,0x03,0x07,0xff,0x09,0x0a,0x0b,0x21,0x05,0x81,0x84,0x88,0x82,0xff,0xff,0xff,0xff,0xff,0xff,0x40,0x41,0x42,0x43,0x06,0x07},
    {0x01,0x02,0x00,0x03,0x08,0x0c,0x09,0x0a,0x0b,0x04,0x05,0x81,0x84,0x88,0x82,0xff,0xff,0xff,0xff,0xff,0xff,0x40,0x41,0x43,0x44,0x06,0x07},
    {0x01,0x02,0x00,0x03,0x08,0x0c,0x09,0x0a,0x0b,0x07,0x05,0x81,0x84,0x88,0x82,0xff,0xff,0xff,0xff,0xff,0xff,0x40,0x41,0x42,0x43,0x06,0x04},
    {0x01,0x02,0x00,0x03,0x08,0x0c,0x09,0x0a,0x0b,0x05,0x04,0x81,0x84,0x88,0x82,0xff,0xff,0xff,0xff,0xff,0x0d,0x40,0x41,0x42,0x45,0x44,0x07},
    {0x01,0x02,0x00,0x03,0x08,0xff,0x09,0xff,0xff,0x04,0x05,0x81,0x84,0x88,0x82,0xff,0xff,0xff,0xff,0xff,0xff,0x40,0x41,0x42,0x43,0x06,0x07},
    {0x00,0x01,0x02,0x03,0x08,0x0c,0x09,0xff,0xff,0x05,0x04,0x81,0x84,0x88,0x82,0xff,0xff,0xff,0xff,0xff,0xff,0x40,0x41,0x42,0x43,0x07,0x06},
    {0x01,0x02,0x00,0x03,0x08,0x0c,0x09,0xff,0xff,0x04,0x05,0x81,0x84,0x88,0x82,0xff,0xff,0xff,0xff,0xff,0x0d,0x40,0x41,0x42,0x45,0x06,0x07},
    {0x00,0x01,0x02,0x03,0x08,0x0c,0x09,0x0a,0x0b,0x04,0x05,0x81,0x84,0x88,0x82,0xff,0xff,0xff,0xff,0xff,0xff,0x40,0x41,0x43,0x44,0x06,0x07},
    {0x01,0x02,0x03,0x00,0x09,0xff,0x08,0xff,0xff,0x04,0x05,0x81,0x84,0x88,0x82,0xff,0xff,0xff,0xff,0xff,0xff,0x40,0x41,0x42,0x43,0x06,0x07},
    {0x01,0x02,0x05,0x06,0x08,0xff,0x09,0xff,0xff,0x00,0x03,0xff,0xff,0xff,0xff,0xff,0xff,0xff,0xff,0xff,0xff,0x40,0x41,0xff,0xff,0x04,0x07},
    {0x01,0x02,0x00,0x03,0x08,0xff,0x09,0xff,0xff,0x04,0x05,0x81,0x84,0x88,0x82,0xff,0xff,0xff,0xff,0xff,0xff,0x40,0x41,0xff,0xff,0x06,0x07},
    {0x01,0x02,0x00,0x03,0xff,0xff,0x09,0xff,0xff,0x04,0x07,0x81,0x84,0x88,0x82,0xff,0xff,0xff,0xff,0xff,0xff,0x40,0x41,0x45,0x42,0x43,0x44},
    {0x01,0x02,0x00,0x03,0xff,0xff,0x09,0xff,0xff,0xff,0x07,0x81,0x84,0x88,0x82,0xff,0xff,0xff,0xff,0xff,0xff,0x40,0x41,0x45,0x42,0x43,0x44},
    {0x01,0x02,0xff,0xff,0xff,0xff,0x09,0xff,0xff,0x04,0x05,0x81,0x84,0x88,0x82,0xff,0xff,0xff,0xff,0xff,0xff,0x40,0x41,0x42,0x45,0x06,0xff},
    {0x02,0x01,0xff,0xff,0xff,0xff,0x09,0xff,0xff,0x04,0x05,0x81,0x84,0x88,0x82,0xff,0xff,0xff,0xff,0xff,0xff,0x40,0x41,0x42,0x45,0x06,0xff},
    {0x01,0x02,0xff,0xff,0xff,0xff,0x08,0xff,0xff,0x06,0xff,0x81,0x84,0x88,0x82,0xff,0xff,0xff,0xff,0xff,0xff,0x40,0x41,0x43,0x42,0x09,0x07},
    {0x01,0x02,0x00,0x03,0x08,0xff,0x09,0xff,0xff,0x06,0x07,0x84,0x88,0x82,0x81,0xff,0xff,0xff,0xff,0xff,0xff,0x40,0x41,0x73,0x42,0x08,0xff},
    {0x00,0x01,0x03,0x04,0xff,0xff,0x09,0xff,0xff,0x05,0x06,0x81,0x84,0x88,0x82,0xff,0xff,0xff,0xff,0xff,0xff,0xff,0xff,0xff,0xff,0x07,0x02},
    {0x01,0x00,0x03,0x02,0x08,0x0a,0x09,0xff,0xff,0x44,0x45,0x81,0x84,0x88,0x82,0xff,0xff,0xff,0xff,0xff,0xff,0x40,0x41,0x42,0x43,0x06,0x07},
    {0x02,0x03,0x00,0x01,0x08,0x0b,0x09,0xff,0xff,0x04,0x05,0x81,0x84,0x88,0x82,0xff,0xff,0xff,0xff,0xff,0xff,0x40,0x41,0x42,0x43,0x06,0x07},
    {0x00,0x01,0x03,0x04,0xff,0xff,0x09,0xff,0xff,0x06,0x02,0x81,0x84,0x88,0x82,0xff,0xff,0xff,0xff,0xff,0xff,0xff,0xff,0xff,0xff,0xff,0xff},
    {0x00,0x01,0x03,0x04,0x07,0xff,0x09,0xff,0xff,0xff,0x06,0x02,0x0e,0x0f,0x0d,0xff,0xff,0xff,0xff,0xff,0xff,0xff,0xff,0xff,0xff,0xff,0x02},
    {0x00,0x01,0xff,0xff,0xff,0xff,0x03,0xff,0xff,0xff,0xff,0x61,0x51,0x60,0x50,0xff,0xff,0xff,0xff,0xff,0xff,0xff,0xff,0xff,0xff,0xff,0x02},
    {0x03,0x02,0x01,0x00,0x04,0xff,0x05,0xff,0xff,0x06,0x07,0x81,0x84,0x88,0x82,0xff,0xff,0xff,0xff,0xff,0xff,0xff,0xff,0x40,0x71,0x08,0xff},
    {0x00,0x01,0x03,0x04,0x09,0xff,0x08,0xff,0xff,0x06,0x05,0x81,0x84,0x88,0x82,0xff,0xff,0xff,0xff,0xff,0xff,0x40,0x41,0xff,0xff,0x07,0x02},
    {0x00,0x01,0x03,0x04,0x09,0xff,0x08,0xff,0xff,0x06,0x02,0x81,0x84,0x88,0x82,0xff,0xff,0xff,0xff,0xff,0xff,0x40,0x41,0xff,0xff,0x07,0x05},
    {0x00,0x01,0x02,0x03,0xff,0xff,0xff,0xff,0xff,0xff,0xff,0x61,0x51,0x60,0x50,0xff,0xff,0xff,0xff,0xff,0xff,0xff,0xff,0xff,0xff,0x04,0x05},
    {0x00,0x01,0x02,0x03,0x04,0xff,0x05,0xff,0xff,0xff,0xff,0x81,0x84,0x88,0x82,0xff,0xff,0xff,0xff,0xff,0xff,0x40,0x41,0xff,0xff,0xff,0xff},
    {0x00,0x01,0x02,0x03,0x07,0xff,0x06,0x08,0x09,0x04,0x05,0x81,0x84,0x88,0x82,0xff,0xff,0xff,0xff,0xff,0xff,0x40,0x41,0x43,0x44,0x43,0x46},
    {0x00,0x01,0x02,0x03,0x08,0x0c,0x09,0x0a,0x0b,0x04,0x05,0x81,0x84,0x88,0x82,0x0d,0xff,0xff,0xff,0xff,0xff,0x40,0x41,0x42,0x43,0x06,0x07},
    {0x00,0x01,0x03,0x04,0x0a,0xff,0x0b,0x0d,0x0e,0x06,0x07,0x81,0x84,0x88,0x82,0x0f,0xff,0xff,0xff,0xff,0xff,0x40,0x41,0x43,0x44,0x08,0x09},
    {0x03,0x02,0x01,0x00,0x09,0xff,0x08,0x07,0x06,0x0b,0x0a,0x81,0x84,0x88,0x82,0xff,0xff,0xff,0xff,0xff,0xff,0x40,0x41,0x43,0x44,0x05,0x04},
    {0x00,0x01,0x02,0x03,0x06,0xff,0x07,0x08,0x09,0x04,0x05,0x81,0x84,0x88,0x82,0xff,0xff,0xff,0xff,0xff,0xff,0x40,0x41,0x42,0x45,0xff,0xff},
    {0x00,0x02,0x01,0x03,0x04,0xff,0x05,0x06,0x07,0x08,0x09,0x81,0x84,0x88,0x82,0xff,0xff,0xff,0xff,0xff,0xff,0x40,0x41,0x42,0x43,0x0a,0x0b},
    {0x00,0x03,0xff,0xff,0xff,0xff,0x08,0xff,0xff,0x06,0x07,0x0a,0x0b,0x0c,0x0d,0xff,0xff,0xff,0xff,0xff,0xff,0x40,0x41,0xff,0xff,0x09,0xff},
    {0x02,0x01,0x03,0x00,0x08,0xff,0x09,0x0a,0x0b,0x04,0x05,0x81,0x84,0x88,0x82,0xff,0xff,0xff,0xff,0xff,0xff,0x40,0x41,0x45,0x42,0x06,0x07},
    {0x42,0x0d,0x43,0x0c,0xff,0xff,0x03,0xff,0xff,0xff,0xff,0x04,0x06,0x07,0x05,0xff,0xff,0xff,0xff,0xff,0xff,0x41,0xff,0xff,0xff,0x44,0x0b},
    {0x00,0x01,0x03,0x02,0x08,0xff,0x09,0xff,0xff,0xff,0xff,0x81,0x84,0x88,0x82,0xff,0xff,0xff,0xff,0xff,0xff,0xff,0xff,0xff,0xff,0xff,0xff},
    {0x01,0x00,0xff,0xff,0x0a,0xff,0x0b,0xff,0xff,0xff,0xff,0x81,0x84,0x88,0x82,0xff,0xff,0xff,0xff,0xff,0xff,0xff,0xff,0xff,0xff,0xff,0xff},
    {0x01,0x00,0xff,0xff,0x02,0xff,0x03,0xff,0xff,0xff,0xff,0x61,0x51,0x60,0x50,0xff,0xff,0xff,0xff,0xff,0xff,0xff,0xff,0xff,0xff,0xff,0xff},
    {0x00,0x01,0xff,0xff,0x02,0xff,0x03,0xff,0xff,0xff,0xff,0x61,0x51,0x60,0x50,0xff,0xff,0xff,0xff,0xff,0xff,0xff,0xff,0xff,0xff,0xff,0xff},
    {0x02,0x01,0x03,0x00,0x08,0xff,0x09,0xff,0xff,0x04,0x05,0x61,0x51,0x60,0x50,0xff,0xff,0xff,0xff,0xff,0xff,0xff,0xff,0xff,0xff,0xff,0x06},
    {0x00,0x01,0x02,0x03,0x09,0xff,0x0a,0x07,0x08,0x04,0x05,0x81,0x84,0x88,0x82,0xff,0xff,0xff,0xff,0xff,0xff,0x40,0x41,0x42,0x43,0x45,0x44},
    {0x02,0x01,0x03,0x00,0x08,0xff,0x09,0x0a,0x0b,0x04,0x05,0x81,0x84,0x88,0x82,0xff,0xff,0xff,0xff,0xff,0xff,0x40,0x41,0x43,0x44,0x06,0x07},
    {0x00,0x01,0x02,0x03,0x0e,0x10,0x06,0x0f,0x07,0x0c,0x04,0x0b,0x08,0x0a,0x09,0x11,0x12,0x13,0xff,0xff,0xff,0x40,0x71,0x42,0x73,0x0d,0x05},
    {0x00,0x01,0x02,0x03,0x0d,0xff,0x08,0x0a,0xff,0x04,0x05,0xff,0xff,0xff,0xff,0xff,0xff,0xff,0xff,0xff,0xff,0xff,0xff,0xff,0xff,0xff,0xff},
    {0x00,0x01,0x02,0x03,0x0c,0xff,0x09,0x0b,0xff,0x04,0x05,0xff,0xff,0xff,0xff,0xff,0xff,0xff,0xff,0xff,0xff,0xff,0xff,0xff,0xff,0xff,0xff},
    {0x01,0x03,0x00,0x02,0xff,0x10,0x06,0xff,0xff,0x0d,0x05,0x0b,0x08,0x0a,0x09,0xff,0xff,0xff,0xff,0xff,0xff,0x40,0x71,0x42,0x73,0x0c,0x04},
    {0x01,0x00,0xff,0xff,0xff,0x0c,0x09,0xff,0xff,0x04,0x05,0x81,0x84,0x88,0x82,0x0d,0xff,0xff,0xff,0xff,0xff,0x40,0x41,0xff,0xff,0x06,0x0a},
    {0x00,0x01,0x02,0x03,0x08,0xff,0x09,0xff,0xff,0x04,0x05,0x81,0x84,0x88,0x82,0xff,0xff,0xff,0xff,0xff,0xff,0xff,0xff,0xff,0xff,0x06,0x0f},
    {0x0b,0x0a,0x09,0x08,0x0d,0x0c,0x03,0x05,0x04,0x07,0x06,0x81,0x84,0x88,0x82,0xff,0xff,0xff,0xff,0xff,0xff,0x40,0x41,0x43,0x46,0x44,0x45},
    {0x09,0x08,0x07,0x06,0x0b,0xff,0x00,0x03,0x02,0x05,0x04,0x81,0x84,0x88,0x82,0xff,0xff,0xff,0xff,0xff,0xff,0x40,0x41,0x42,0x45,0x43,0x44},
    {0x00,0x01,0x02,0x03,0x06,0xff,0x07,0x08,0x09,0x04,0x05,0x81,0x84,0x88,0x82,0xff,0xff,0xff,0xff,0xff,0xff,0x40,0x41,0x43,0x44,0x52,0x62},
    {0x00,0x01,0x02,0x03,0x08,0x0a,0x09,0x0b,0x0c,0x04,0x05,0x81,0x84,0x88,0x82,0xff,0xff,0xff,0xff,0xff,0xff,0x40,0x41,0x43,0x42,0x06,0x07},
    {0x0f,0x0e,0x0d,0x0c,0x07,0x05,0x06,0x09,0x08,0x0b,0x0a,0x81,0x84,0x88,0x82,0xff,0xff,0xff,0xff,0xff,0xff,0x40,0x41,0x43,0x44,0x42,0x45},
    {0x00,0x01,0x02,0x03,0x06,0xff,0x07,0x08,0x09,0x04,0x05,0x81,0x84,0x88,0x82,0xff,0xff,0xff,0xff,0xff,0xff,0x40,0x41,0x43,0x44,0x42,0x43},
    {0x00,0x01,0x02,0x03,0x08,0x0a,0x09,0x06,0x07,0x04,0x05,0x81,0x84,0x88,0x82,0xff,0xff,0xff,0xff,0xff,0xff,0x40,0x41,0x45,0x42,0x43,0x44},
    {0x00,0x01,0x03,0x04,0xff,0xff,0x0b,0xff,0xff,0xff,0xff,0x81,0x84,0x88,0x82,0xff,0xff,0xff,0xff,0xff,0xff,0x40,0x41,0x43,0x44,0x62,0x65},
    {0x00,0x03,0x01,0x02,0xff,0x0e,0xff,0x06,0x07,0x04,0x05,0x08,0x09,0x0a,0x0b,0xff,0xff,0xff,0xff,0xff,0xff,0x40,0x41,0x43,0x44,0x42,0x45},
    {0x01,0x02,0x00,0x03,0x0c,0x08,0x09,0xff,0xff,0x05,0x04,0x81,0x84,0x88,0x82,0xff,0xff,0xff,0xff,0xff,0xff,0xff,0xff,0xff,0xff,0x07,0x06},
    {0x01,0x00,0x02,0x03,0x08,0x0c,0x09,0x0a,0x0b,0x04,0x05,0x81,0x84,0x88,0x82,0x0d,0xff,0xff,0xff,0xff,0xff,0x40,0x41,0x42,0x43,0x06,0x07},
    {0x01,0x00,0x04,0x03,0xff,0xff,0x08,0xff,0xff,0x06,0x05,0x61,0x51,0x60,0x50,0xff,0xff,0xff,0xff,0xff,0xff,0xff,0xff,0xff,0xff,0x07,0x02},
    {0x02,0x01,0x00,0x03,0x08,0x0c,0x09,0x0a,0x0b,0x04,0x05,0x81,0x84,0x88,0x82,0xff,0xff,0xff,0xff,0xff,0xff,0x40,0x41,0x42,0x43,0x06,0x07},
    {0x00,0x01,0x02,0x03,0x07,0xff,0x06,0x08,0x09,0x05,0x04,0x81,0x84,0x88,0x82,0xff,0xff,0xff,0xff,0xff,0xff,0x40,0x41,0x43,0x44,0x0a,0x0b},
    {0xff,0x02,0x00,0x03,0x08,0x0c,0x09,0x0a,0x0b,0x04,0x05,0x81,0x84,0x88,0x82,0xff,0xff,0xff,0xff,0xff,0xff,0x40,0x41,0x42,0x43,0x06,0x01},
    {0x02,0x01,0x03,0x00,0x08,0xff,0x09,0x0a,0x0b,0x06,0x07,0x81,0x84,0x88,0x82,0xff,0xff,0xff,0xff,0xff,0xff,0x40,0x41,0x44,0x42,0x04,0x05},
    {0x02,0x01,0x03,0x00,0x09,0xff,0x08,0x0a,0x0b,0x05,0x07,0x81,0x84,0x88,0x82,0xff,0xff,0xff,0xff,0xff,0xff,0x40,0x41,0x42,0x43,0x04,0x06},
    {0x00,0x01,0x02,0x03,0x08,0xff,0x09,0x0a,0x0b,0x04,0x06,0x81,0x84,0x88,0x82,0xff,0xff,0xff,0xff,0xff,0xff,0x40,0x41,0x42,0x43,0x05,0x07},
    {0x02,0x01,0x00,0x03,0x09,0xff,0x08,0x0a,0x0b,0x06,0x07,0x81,0x88,0x84,0x82,0xff,0xff,0xff,0xff,0xff,0xff,0x40,0x41,0x42,0x43,0x04,0x05},
    {0x02,0x01,0x03,0x00,0x09,0x0c,0x08,0x0a,0x0b,0x06,0x07,0x81,0x84,0x88,0x82,0xff,0xff,0xff,0xff,0xff,0xff,0x40,0x41,0x42,0x45,0x73,0x74},
    {0x02,0x01,0x03,0x00,0x08,0x0c,0x0b,0x09,0x0a,0x04,0x05,0x81,0x84,0x88,0x82,0xff,0xff,0xff,0xff,0xff,0xff,0x40,0x41,0x43,0x44,0x06,0x07},
    {0x0e,0x0d,0x0f,0x0c,0x00,0x10,0x03,0x01,0x02,0x0a,0x0b,0x04,0x06,0x07,0x05,0xff,0xff,0xff,0xff,0xff,0xff,0x40,0x41,0x42,0x43,0x08,0x09},
    {0x02,0x01,0x03,0x00,0x08,0xff,0x09,0x0a,0x0b,0x04,0x05,0x81,0x84,0x88,0x82,0xff,0xff,0xff,0xff,0xff,0xff,0x40,0x41,0x42,0x45,0x06,0x07},
    {0x00,0x01,0x03,0x02,0x08,0xff,0x09,0x0a,0x0b,0x04,0x05,0x81,0x84,0x88,0x82,0xff,0xff,0xff,0xff,0xff,0xff,0x40,0x41,0x45,0x42,0x06,0x07},
    {0x01,0x02,0x00,0x03,0x08,0x0c,0x09,0x0a,0x0b,0x04,0x05,0x81,0x84,0x88,0x82,0x0e,0xff,0xff,0xff,0xff,0x0d,0x40,0x41,0x42,0x45,0x43,0x44},
    {0x00,0x01,0x02,0x03,0x0a,0xff,0x0b,0x08,0x09,0x04,0x05,0x81,0x84,0x88,0x82,0xff,0xff,0xff,0xff,0xff,0xff,0x40,0x41,0x42,0x43,0x06,0x07},
    {0x01,0x00,0x02,0x03,0x08,0xff,0x09,0x0a,0x0b,0x04,0x05,0x81,0x84,0x88,0x82,0xff,0xff,0xff,0xff,0xff,0xff,0x40,0x41,0x42,0x43,0x06,0x07},
    {0x01,0x02,0x00,0x03,0x08,0xff,0x0a,0xff,0xff,0x04,0x05,0x81,0x84,0x88,0x82,0xff,0xff,0xff,0xff,0xff,0xff,0x40,0x41,0xff,0xff,0x06,0x07},
    {0x01,0x02,0x00,0x03,0x0a,0x09,0x08,0xff,0xff,0x04,0x05,0x81,0x84,0x88,0x82,0xff,0xff,0xff,0xff,0xff,0xff,0xff,0xff,0xff,0xff,0x06,0x07},
    {0x01,0x02,0x00,0x03,0x08,0x0c,0x09,0xff,0xff,0x04,0x05,0x81,0x84,0x88,0x82,0xff,0xff,0xff,0xff,0xff,0xff,0xff,0xff,0xff,0xff,0x43,0x44},
    {0x00,0x01,0x02,0x03,0xff,0xff,0x09,0xff,0xff,0x04,0x05,0x81,0x84,0x88,0x82,0xff,0xff,0xff,0xff,0xff,0xff,0xff,0xff,0xff,0xff,0xff,0xff},
    {0x05,0x06,0x01,0x02,0x08,0x0a,0x09,0xff,0xff,0x00,0x03,0x81,0x84,0x88,0x82,0xff,0xff,0xff,0xff,0xff,0xff,0x40,0x41,0xff,0xff,0x04,0x07},
    {0x01,0x02,0x00,0x03,0x0d,0x0c,0x09,0x0a,0x0b,0x04,0x05,0x81,0x84,0x88,0x82,0xff,0xff,0xff,0xff,0xff,0x0d,0x40,0x41,0x42,0x45,0x43,0x44},
    {0x03,0x01,0x04,0x00,0x07,0xff,0x06,0xff,0xff,0xff,0xff,0xff,0xff,0xff,0xff,0xff,0xff,0xff,0xff,0xff,0xff,0x40,0x41,0xff,0xff,0xff,0xff},
    {0x02,0x01,0x03,0x00,0x08,0xff,0x09,0x0a,0xff,0x04,0x05,0x81,0x84,0x88,0x82,0xff,0xff,0xff,0xff,0xff,0xff,0x40,0x41,0xff,0xff,0x06,0x07},
    {0x00,0x01,0xff,0xff,0x04,0xff,0x03,0xff,0xff,0x06,0x02,0x81,0x84,0x88,0x82,0xff,0xff,0xff,0xff,0xff,0xff,0x40,0x41,0xff,0xff,0x05,0xff},
    {0x02,0x01,0x0a,0x09,0xff,0xff,0x03,0xff,0xff,0xff,0xff,0x04,0x05,0x06,0x07,0xff,0xff,0xff,0xff,0xff,0xff,0x40,0xff,0xff,0x41,0x42,0x43},
    {0x01,0x00,0x05,0x04,0xff,0xff,0x03,0xff,0xff,0xff,0xff,0x0c,0x0d,0x0e,0x0f,0xff,0xff,0xff,0xff,0xff,0xff,0x40,0x41,0xff,0xff,0x55,0x52},
    {0x00,0x07,0x01,0x08,0xff,0xff,0x03,0xff,0xff,0xff,0x02,0x0a,0x0b,0x0c,0x0d,0xff,0xff,0xff,0xff,0xff,0xff,0x40,0x41,0x43,0x44,0x04,0x05},
    {0x00,0x07,0x01,0x08,0xff,0xff,0x03,0xff,0xff,0xff,0x02,0x0a,0x0b,0x0c,0x0d,0xff,0xff,0xff,0xff,0xff,0xff,0x40,0x41,0x43,0x44,0x55,0x52},
    {0x02,0x01,0x0b,0x0c,0x04,0xff,0x03,0xff,0xff,0x0d,0x00,0x81,0x84,0x88,0x82,0xff,0xff,0xff,0xff,0xff,0xff,0x40,0x41,0xff,0xff,0x08,0x0a},
    {0x00,0x01,0xff,0xff,0xff,0xff,0x03,0xff,0xff,0x04,0x05,0x0a,0x0b,0x0c,0x0d,0xff,0xff,0xff,0xff,0xff,0xff,0x40,0x41,0xff,0xff,0x02,0xff},
    {0x07,0x06,0xff,0xff,0x05,0xff,0x04,0xff,0xff,0xff,0xff,0x81,0x84,0x88,0x82,0xff,0xff,0xff,0xff,0xff,0xff,0x40,0x41,0xff,0xff,0xff,0xff},
    {0x01,0x02,0x00,0x03,0x05,0xff,0x04,0x0a,0x0b,0x06,0x07,0x0c,0x0d,0x0e,0x0f,0xff,0xff,0xff,0xff,0xff,0xff,0x40,0x41,0x43,0x44,0x08,0x09},
    {0x00,0x01,0x03,0x04,0xff,0xff,0x08,0xff,0xff,0x06,0x05,0x0c,0x0d,0x0e,0x0f,0xff,0xff,0xff,0xff,0xff,0xff,0x40,0x41,0xff,0xff,0x07,0x02},
    {0x01,0x02,0x00,0x03,0xff,0xff,0x09,0xff,0xff,0x06,0x07,0x61,0x51,0x60,0x50,0xff,0xff,0xff,0xff,0xff,0xff,0xff,0xff,0xff,0xff,0x04,0x05},
    {0x00,0x04,0x01,0x05,0x02,0xff,0x03,0xff,0xff,0x06,0x07,0x81,0x84,0x88,0x82,0xff,0xff,0xff,0xff,0xff,0xff,0x40,0x41,0xff,0xff,0xff,0xff},
    {0x01,0x04,0x00,0x05,0xff,0xff,0x03,0xff,0xff,0x06,0x07,0x61,0x51,0x60,0x50,0xff,0xff,0xff,0xff,0xff,0xff,0xff,0xff,0xff,0xff,0xff,0xff},
    {0x01,0x04,0x00,0x05,0x02,0xff,0x03,0xff,0xff,0x06,0x07,0x61,0x51,0x60,0x50,0xff,0xff,0xff,0xff,0xff,0xff,0xff,0xff,0xff,0xff,0xff,0xff},
    {0x00,0x01,0x02,0x03,0xff,0xff,0xff,0xff,0xff,0xff,0xff,0x81,0x84,0x88,0x82,0xff,0xff,0xff,0xff,0xff,0xff,0x41,0x42,0xff,0xff,0xff,0xff},
    {0x01,0x04,0x00,0x05,0x02,0x0a,0x03,0xff,0xff,0x06,0x07,0x0c,0x0d,0x0e,0x0f,0xff,0xff,0xff,0xff,0xff,0xff,0x40,0x41,0x43,0x44,0x08,0x09},
    {0x02,0x01,0x03,0x00,0x08,0xff,0x09,0x0a,0x0b,0x04,0x05,0x81,0x84,0x88,0x82,0xff,0xff,0xff,0xff,0xff,0xff,0x40,0x41,0x42,0x45,0x43,0x44},
    {0x00,0x01,0x02,0x03,0x06,0x0a,0x07,0x08,0x09,0x04,0x05,0x0b,0x0e,0x0c,0x0d,0xff,0xff,0xff,0xff,0xff,0xff,0x40,0x41,0x43,0x44,0x52,0x62},
    {0x00,0x01,0x02,0x03,0x06,0xff,0x07,0x08,0x09,0x04,0x05,0x81,0x84,0x88,0x82,0xff,0xff,0xff,0xff,0xff,0xff,0x40,0x41,0x43,0x44,0xff,0x42},
    {0x06,0x07,0x09,0x0a,0x10,0x12,0x11,0x13,0x14,0x0c,0x0d,0x81,0x84,0x88,0x82,0xff,0xff,0xff,0xff,0xff,0xff,0x40,0x41,0x43,0x44,0x0e,0x0f},
    {0x00,0x01,0x02,0x03,0x0c,0x0a,0x07,0x08,0x09,0x04,0x05,0x81,0x84,0x88,0x82,0xff,0xff,0xff,0xff,0xff,0xff,0x40,0xff,0x43,0x44,0xff,0xff},
    {0x00,0x01,0x03,0x04,0xff,0xff,0x06,0xff,0xff,0xff,0x05,0x61,0x51,0x60,0x50,0xff,0xff,0xff,0xff,0xff,0xff,0xff,0xff,0xff,0xff,0x07,0x02},
    {0x01,0x02,0x00,0x03,0x08,0xff,0x09,0xff,0xff,0x06,0x04,0x64,0x54,0x63,0x53,0xff,0xff,0xff,0xff,0xff,0xff,0xff,0xff,0xff,0xff,0x07,0x05},
    {0x00,0x01,0x02,0x03,0x06,0xff,0x07,0xff,0xff,0x04,0x08,0x61,0x51,0x60,0x50,0xff,0xff,0xff,0xff,0xff,0xff,0xff,0xff,0xff,0xff,0x05,0x09},
    {0x02,0x01,0x03,0x00,0x08,0x0c,0x09,0xff,0x0b,0x04,0x05,0x81,0x84,0x88,0x82,0x0a,0xff,0xff,0xff,0xff,0xff,0x40,0x41,0x42,0x43,0x06,0x07},
    {0x00,0x04,0x01,0x05,0x02,0xff,0x03,0xff,0xff,0x06,0x07,0x61,0x51,0x60,0x50,0xff,0xff,0xff,0xff,0xff,0xff,0xff,0xff,0xff,0xff,0xff,0xff},
    {0x00,0x01,0x03,0x04,0xff,0xff,0x08,0xff,0xff,0x05,0x02,0x61,0x51,0x60,0x50,0xff,0xff,0xff,0xff,0xff,0xff,0xff,0xff,0xff,0xff,0x06,0x07},
    {0x02,0x01,0x03,0x00,0x08,0xff,0x09,0xff,0xff,0x04,0x05,0x61,0x51,0x60,0x50,0xff,0xff,0xff,0xff,0xff,0xff,0xff,0xff,0xff,0xff,0xff,0xff},
    {0x07,0x06,0xff,0xff,0xff,0xff,0x04,0xff,0xff,0x0d,0x0c,0x03,0x02,0x01,0x00,0xff,0xff,0xff,0xff,0xff,0xff,0x40,0x41,0xff,0xff,0x05,0xff},
    {0x01,0x05,0x00,0x04,0x02,0xff,0x03,0xff,0xff,0x06,0x07,0x61,0x51,0x60,0x50,0xff,0xff,0xff,0xff,0xff,0xff,0xff,0xff,0xff,0xff,0xff,0xff},
    {0x00,0x01,0x04,0x05,0xff,0xff,0xff,0xff,0xff,0x06,0x02,0xff,0xff,0xff,0xff,0xff,0xff,0xff,0xff,0xff,0xff,0x40,0x41,0xff,0xff,0x07,0x03},
    {0x00,0x01,0x02,0x03,0x06,0x08,0x07,0x09,0x0a,0x04,0x05,0x81,0x84,0x88,0x82,0xff,0xff,0xff,0xff,0xff,0xff,0x40,0x41,0x43,0x44,0x42,0x45},
    {0x00,0x01,0x03,0x04,0x08,0x0a,0x09,0xff,0xff,0x06,0x05,0x61,0x51,0x60,0x50,0x0b,0xff,0xff,0xff,0xff,0xff,0xff,0xff,0xff,0xff,0x07,0x02},
    {0x00,0x01,0x02,0x03,0xff,0xff,0xff,0xff,0xff,0x04,0x05,0x61,0x51,0x60,0x50,0xff,0xff,0xff,0xff,0xff,0xff,0xff,0xff,0xff,0xff,0x06,0x07},
    {0x00,0x01,0x03,0x04,0x05,0xff,0x02,0xff,0xff,0x06,0x09,0x61,0x51,0x60,0x50,0xff,0xff,0xff,0xff,0xff,0xff,0xff,0xff,0xff,0xff,0x07,0x08},
    {0x01,0x00,0x02,0x03,0xff,0xff,0xff,0xff,0xff,0xff,0xff,0xff,0xff,0xff,0xff,0xff,0xff,0xff,0xff,0xff,0xff,0x40,0x41,0xff,0xff,0xff,0xff},
    {0x00,0x04,0x02,0x01,0x0b,0xff,0x09,0xff,0xff,0x03,0x06,0x81,0x84,0x88,0x82,0xff,0xff,0xff,0xff,0xff,0xff,0xff,0xff,0xff,0xff,0xff,0xff},
    {0x02,0x03,0x01,0x00,0x08,0x0c,0x09,0x0a,0x0b,0x04,0x05,0x81,0x84,0x88,0x82,0xff,0xff,0xff,0xff,0xff,0xff,0x40,0x41,0x42,0x43,0x06,0x07},
    {0x01,0x02,0x00,0x03,0x08,0xff,0x09,0x0a,0x0b,0x04,0x05,0x81,0x84,0x88,0x82,0xff,0xff,0xff,0xff,0xff,0xff,0x40,0x41,0x43,0x44,0x06,0x07},
    {0x01,0x02,0x00,0x03,0x08,0x0c,0x09,0x0a,0x0b,0x04,0x05,0x81,0x84,0x88,0x82,0xff,0xff,0xff,0xff,0xff,0xff,0x40,0x41,0x42,0x44,0x06,0x07},
    {0x02,0x03,0x00,0x01,0x08,0xff,0x09,0x0a,0x0b,0x04,0x06,0x81,0x84,0x88,0x82,0xff,0xff,0xff,0xff,0xff,0xff,0x40,0x41,0x43,0x42,0x05,0x07},
    {0x02,0x03,0x00,0x01,0xff,0xff,0xff,0xff,0xff,0x06,0x04,0x61,0x51,0x60,0x50,0xff,0xff,0xff,0xff,0xff,0xff,0xff,0xff,0xff,0xff,0x07,0x05},
    {0x02,0x03,0x00,0x01,0x0b,0xff,0x0a,0x08,0x09,0x04,0x05,0x81,0x84,0x88,0x82,0xff,0xff,0xff,0xff,0xff,0xff,0x40,0x41,0x42,0x43,0x06,0x07},
    {0x01,0x02,0x00,0x03,0x09,0xff,0x08,0xff,0xff,0x04,0x05,0x81,0x84,0x88,0x82,0xff,0xff,0xff,0xff,0xff,0xff,0x40,0x41,0x43,0x42,0x06,0x07},
    {0x01,0x02,0x00,0x03,0x09,0xff,0x08,0x0a,0x0b,0x04,0x05,0x81,0x84,0x88,0x82,0xff,0xff,0xff,0xff,0xff,0xff,0x40,0x41,0x45,0x42,0x06,0x07},
    {0x01,0x02,0x00,0x03,0x0c,0x08,0x09,0x0a,0x0b,0x04,0x05,0x81,0x84,0x88,0x82,0xff,0xff,0xff,0xff,0xff,0xff,0x40,0x41,0x43,0x42,0x06,0x07},
    {0x02,0x03,0x00,0x01,0xff,0xff,0xff,0x08,0x09,0x06,0x04,0x81,0x84,0x88,0x82,0xff,0xff,0xff,0xff,0xff,0xff,0x40,0x41,0x43,0x42,0x07,0x05},
    {0x01,0x02,0x00,0x03,0x08,0x0c,0x09,0x0a,0x0b,0x04,0x05,0x81,0x84,0x88,0x82,0xff,0xff,0xff,0xff,0xff,0xff,0x40,0x41,0x43,0x42,0x06,0x07},
    {0x02,0x03,0x00,0x01,0xff,0x08,0x09,0x0a,0x0b,0x04,0x06,0x81,0x84,0x88,0x82,0xff,0xff,0xff,0xff,0xff,0xff,0x40,0x41,0x43,0x42,0x05,0x07},
    {0x00,0x01,0x03,0x04,0x0a,0xff,0x0b,0xff,0xff,0x06,0x07,0x81,0x84,0x88,0x82,0xff,0xff,0xff,0xff,0xff,0xff,0x40,0x41,0x43,0x44,0xff,0xff},
    {0x00,0x01,0x02,0x03,0xff,0xff,0xff,0xff,0xff,0xff,0xff,0x61,0x51,0x60,0x50,0xff,0xff,0xff,0xff,0xff,0xff,0xff,0xff,0xff,0xff,0xff,0xff},
    {0x01,0x00,0x03,0x02,0x08,0xff,0xff,0x0a,0x0b,0x04,0x06,0x81,0x84,0x88,0x82,0xff,0xff,0xff,0xff,0xff,0xff,0x40,0x41,0x42,0x43,0x05,0x07},
    {0x00,0x02,0x01,0x03,0x08,0xff,0x09,0x0a,0x0b,0x04,0x06,0x81,0x84,0x88,0x82,0xff,0xff,0xff,0xff,0xff,0xff,0x40,0x41,0x41,0x42,0x05,0x07},
    {0x00,0x01,0x03,0x04,0x0c,0xff,0x0e,0x0a,0x0b,0x06,0x08,0x81,0x84,0x88,0x82,0xff,0xff,0xff,0xff,0xff,0xff,0x40,0x41,0x43,0x42,0x07,0x09},
    {0x00,0x02,0x01,0x03,0xff,0xff,0xff,0xff,0xff,0x04,0x05,0x81,0x84,0x88,0x82,0xff,0xff,0xff,0xff,0xff,0xff,0x40,0x41,0xff,0xff,0x06,0x07},
    {0x02,0x03,0x00,0x01,0xff,0xff,0xff,0xff,0xff,0x04,0x05,0x61,0x51,0x60,0x50,0xff,0xff,0xff,0xff,0xff,0xff,0xff,0xff,0xff,0xff,0x06,0x07},
    {0x02,0x01,0xff,0xff,0xff,0xff,0x09,0xff,0xff,0xff,0xff,0x64,0x54,0x63,0x53,0xff,0xff,0xff,0xff,0xff,0xff,0xff,0xff,0xff,0xff,0xff,0x05},
    {0x02,0x01,0x03,0x00,0x08,0xff,0x09,0xff,0xff,0x06,0x04,0x64,0x54,0x63,0x53,0xff,0xff,0xff,0xff,0xff,0xff,0xff,0xff,0xff,0xff,0x07,0x05},
    {0x00,0x01,0x03,0x04,0xff,0xff,0x08,0xff,0xff,0x42,0x05,0x81,0x84,0x88,0x82,0xff,0xff,0xff,0xff,0xff,0xff,0x40,0x41,0xff,0xff,0x43,0x02},
    {0x01,0x02,0x05,0x06,0xff,0xff,0x00,0xff,0xff,0xff,0x07,0x61,0x51,0x60,0x50,0xff,0xff,0xff,0xff,0xff,0xff,0xff,0xff,0xff,0xff,0xff,0x03},
    {0x00,0x01,0x03,0x04,0xff,0xff,0x09,0xff,0xff,0x06,0x05,0x81,0x84,0x88,0x82,0xff,0xff,0xff,0xff,0xff,0xff,0x40,0x41,0xff,0xff,0x07,0x02},
    {0x00,0x01,0x03,0x04,0xff,0xff,0x08,0xff,0xff,0x06,0x05,0x61,0x51,0x60,0x50,0xff,0xff,0xff,0xff,0xff,0xff,0xff,0xff,0xff,0xff,0x07,0x02},
    {0x00,0x02,0x01,0x03,0x07,0xff,0x08,0xff,0xff,0x06,0x09,0xff,0xff,0xff,0xff,0xff,0xff,0xff,0xff,0xff,0xff,0x40,0x41,0xff,0xff,0x04,0x05},
    {0x00,0x01,0x03,0x04,0x0a,0xff,0x0b,0x0d,0x0e,0x06,0x07,0x81,0x84,0x88,0x82,0xff,0xff,0xff,0xff,0xff,0xff,0x40,0xff,0xff,0xff,0x08,0x09},
    {0x02,0x01,0x03,0x00,0x09,0xff,0x08,0xff,0xff,0x06,0x07,0x81,0x84,0x88,0x82,0xff,0xff,0xff,0xff,0xff,0xff,0x40,0x41,0x42,0x43,0x04,0x05},
    {0x00,0x01,0x02,0x03,0x06,0xff,0x07,0xff,0xff,0x04,0x05,0x61,0x51,0x60,0x50,0xff,0xff,0xff,0xff,0xff,0xff,0xff,0xff,0xff,0xff,0xff,0xff},
    {0x04,0x00,0x05,0x01,0x02,0xff,0x03,0xff,0xff,0x06,0x07,0x61,0x51,0x60,0x50,0xff,0xff,0xff,0xff,0xff,0xff,0xff,0xff,0xff,0xff,0xff,0xff},
    {0x02,0x01,0x03,0x00,0x08,0xff,0x0b,0x09,0x0a,0x06,0x07,0x0c,0x0e,0x0f,0x0d,0xff,0xff,0xff,0xff,0xff,0xff,0x40,0x41,0x42,0x43,0x04,0x05},
    {0x00,0x01,0x02,0x03,0xff,0xff,0xff,0x0a,0x0b,0x04,0x06,0x0c,0x0e,0x0f,0x0d,0xff,0xff,0xff,0xff,0xff,0xff,0x40,0x41,0x42,0x45,0x05,0x07},
    {0x02,0x01,0x03,0x00,0x08,0xff,0x09,0xff,0xff,0x06,0x07,0x61,0x51,0x60,0x50,0xff,0xff,0xff,0xff,0xff,0xff,0xff,0xff,0xff,0xff,0x04,0x05},
    {0x00,0x01,0x03,0x04,0x0a,0xff,0x0b,0x0d,0x0e,0x06,0x07,0x81,0x84,0x88,0x82,0xff,0xff,0xff,0xff,0xff,0xff,0x40,0x41,0x42,0x43,0x08,0x09},
    {0x00,0x01,0x02,0x03,0x06,0xff,0x07,0xff,0xff,0x04,0x05,0x81,0x84,0x88,0x82,0xff,0xff,0xff,0xff,0xff,0xff,0x40,0x41,0xff,0xff,0xff,0xff},
    {0x01,0x02,0x00,0x03,0x08,0xff,0x09,0xff,0xff,0x04,0x05,0x0c,0x0d,0x0f,0x0e,0xff,0xff,0xff,0xff,0xff,0xff,0x40,0x41,0x43,0x44,0xff,0xff},
    {0x00,0x01,0x02,0x03,0x06,0xff,0x07,0x08,0x09,0x04,0x05,0x81,0x84,0x88,0x82,0xff,0xff,0xff,0xff,0xff,0xff,0x40,0x41,0x43,0x42,0x64,0x44},
    {0x00,0x01,0x03,0x04,0xff,0xff,0x0b,0x0d,0x0e,0xff,0xff,0x81,0x84,0x88,0x82,0xff,0xff,0xff,0xff,0xff,0xff,0x40,0x41,0x43,0x44,0x06,0x07},
    {0x00,0x01,0x03,0x04,0x0c,0xff,0x0b,0xff,0xff,0x06,0x07,0x81,0x84,0x88,0x82,0xff,0xff,0xff,0xff,0xff,0xff,0x40,0x41,0x42,0x43,0xff,0xff},
    {0x00,0x01,0x03,0x04,0x0a,0x0f,0x0b,0x0d,0x0e,0x06,0x07,0x81,0x84,0x88,0x82,0xff,0x05,0x02,0xff,0xff,0xff,0x40,0x41,0x43,0x44,0x08,0x09},
    {0x00,0x01,0x02,0x03,0x06,0x0a,0x07,0x08,0x09,0x04,0x05,0x81,0x84,0x88,0x82,0xff,0xff,0xff,0xff,0xff,0xff,0x40,0x41,0x43,0x44,0x42,0x45},
    {0x00,0x01,0x02,0x03,0x12,0x13,0x09,0x0a,0x0b,0x04,0x05,0x0c,0x0d,0x0e,0x0f,0xff,0xff,0xff,0xff,0xff,0xff,0x40,0x41,0x42,0x45,0x43,0x44},
    {0x00,0x01,0x02,0x03,0x06,0xff,0x07,0xff,0xff,0x04,0x05,0x81,0x84,0x88,0x82,0xff,0xff,0xff,0xff,0xff,0xff,0x40,0x41,0xff,0xff,0x0a,0x0b},
    {0x00,0x01,0x02,0x03,0x06,0xff,0x07,0xff,0xff,0x21,0x05,0x81,0x84,0x88,0x82,0xff,0xff,0xff,0xff,0xff,0xff,0xff,0xff,0xff,0xff,0xff,0xff},
    {0x02,0x03,0x00,0x01,0x08,0xff,0xff,0xff,0xff,0x05,0x04,0xff,0xff,0xff,0xff,0xff,0xff,0xff,0xff,0xff,0xff,0x40,0x41,0xff,0xff,0x06,0x07},
    {0x00,0x01,0x02,0x03,0x0c,0x0b,0x0a,0xff,0xff,0x04,0x06,0x81,0x84,0x88,0x82,0xff,0xff,0xff,0xff,0xff,0xff,0x40,0x41,0xff,0xff,0x09,0x07},
    {0x04,0x02,0x08,0x03,0x06,0x09,0x07,0xff,0xff,0xff,0x00,0xff,0xff,0xff,0xff,0xff,0xff,0xff,0xff,0xff,0xff,0x40,0x41,0xff,0xff,0xff,0x01},
    {0x04,0x02,0x08,0x03,0x06,0x09,0x07,0xff,0xff,0xff,0x00,0x61,0x51,0x60,0x50,0xff,0xff,0xff,0xff,0xff,0xff,0xff,0xff,0xff,0xff,0xff,0x01},
    {0x00,0x01,0x03,0x02,0x08,0xff,0x09,0x0a,0x0b,0x04,0x05,0x81,0x84,0x88,0x82,0xff,0xff,0xff,0xff,0xff,0xff,0x40,0x41,0x43,0x42,0x06,0x07},
    {0x00,0x01,0x03,0x04,0xff,0xff,0xff,0x0d,0x0e,0x06,0x07,0x81,0x84,0x88,0x82,0xff,0xff,0xff,0xff,0xff,0xff,0x40,0x41,0x43,0x44,0x08,0x09},
    {0x00,0x01,0x02,0x03,0x06,0xff,0x07,0xff,0xff,0x04,0x05,0xff,0xff,0xff,0xff,0xff,0xff,0xff,0xff,0xff,0xff,0x40,0x44,0xff,0xff,0xff,0xff},
    {0x02,0x01,0x03,0x00,0x06,0xff,0x07,0xff,0xff,0xff,0xff,0xff,0xff,0xff,0xff,0xff,0xff,0xff,0xff,0xff,0xff,0x40,0x41,0xff,0xff,0xff,0xff},
    {0x00,0x02,0x01,0x03,0x09,0x08,0x0a,0x0b,0x0c,0x04,0x06,0x81,0x84,0x88,0x82,0xff,0xff,0xff,0xff,0xff,0xff,0x40,0x41,0x42,0x43,0x05,0x07},
    {0x01,0x02,0x00,0x03,0x08,0xff,0x09,0x0a,0x0b,0x04,0x05,0x81,0x84,0x88,0x82,0xff,0x06,0x07,0xff,0xff,0xff,0x40,0x41,0x42,0x45,0x63,0x64},
    {0x01,0x02,0x00,0x03,0x08,0xff,0x09,0x0a,0x0b,0x04,0x05,0x81,0x84,0x88,0x82,0xff,0x07,0x06,0xff,0xff,0xff,0x40,0x41,0x42,0x45,0x73,0x74},
    {0x01,0x00,0xff,0xff,0x02,0xff,0x03,0xff,0xff,0xff,0xff,0x64,0x54,0x60,0x50,0xff,0xff,0xff,0xff,0xff,0xff,0xff,0xff,0xff,0xff,0xff,0xff},
    {0x00,0x01,0x02,0x03,0x06,0xff,0x07,0xff,0xff,0x04,0x05,0x64,0x54,0x60,0x50,0xff,0xff,0xff,0xff,0xff,0xff,0xff,0xff,0xff,0xff,0xff,0xff},
    {0x00,0x01,0x03,0x04,0xff,0xff,0xff,0xff,0xff,0x06,0x05,0x61,0x51,0x60,0x50,0xff,0xff,0xff,0xff,0xff,0xff,0xff,0xff,0xff,0xff,0x07,0x02},
    {0x00,0x01,0x03,0x04,0x05,0xff,0x02,0xff,0xff,0x06,0x07,0xff,0xff,0xff,0xff,0xff,0xff,0xff,0xff,0xff,0xff,0x40,0x41,0xff,0xff,0x08,0x09},
    {0x02,0x01,0x03,0x00,0x08,0xff,0x0b,0x09,0x0a,0x06,0x07,0x81,0x84,0x88,0x82,0xff,0xff,0xff,0xff,0xff,0xff,0x40,0x41,0x43,0x44,0x04,0x05},
    {0x01,0x04,0x00,0x03,0x0a,0xff,0x0b,0xff,0xff,0x08,0x09,0xff,0xff,0xff,0xff,0xff,0xff,0xff,0xff,0xff,0xff,0x40,0x41,0x42,0x45,0x06,0x07},
    {0x02,0x03,0x00,0x01,0x08,0xff,0x09,0x0a,0x0b,0x04,0x06,0x81,0x84,0x88,0x82,0xff,0xff,0xff,0xff,0xff,0xff,0x40,0x41,0x45,0x42,0x05,0x07},
    {0x00,0x01,0x02,0x03,0xff,0x08,0xff,0xff,0xff,0x04,0x05,0x81,0x84,0x88,0x82,0xff,0xff,0xff,0xff,0xff,0xff,0x40,0x41,0x42,0x43,0x06,0x07},
    {0x01,0x02,0x00,0x03,0x08,0x0c,0x09,0x0a,0xff,0x04,0x05,0x81,0x84,0x88,0x82,0xff,0xff,0xff,0xff,0xff,0x0d,0xff,0xff,0xff,0xff,0x06,0x07},
    {0x00,0x01,0x02,0x03,0x0f,0x10,0x04,0x0d,0x0e,0x09,0x0a,0x05,0x06,0x07,0x08,0xff,0xff,0xff,0xff,0xff,0xff,0x40,0x41,0x43,0x44,0x0b,0x0c},
    {0x00,0x01,0x03,0x04,0x10,0x06,0x13,0x09,0x0a,0x02,0x05,0x81,0x84,0x88,0x82,0x12,0x16,0x0f,0x17,0x11,0xff,0x40,0x41,0x42,0x45,0x43,0x44},
    {0x00,0x01,0x03,0x02,0x08,0xff,0x09,0x0b,0x0c,0x06,0x07,0x0d,0x0e,0x0f,0x10,0xff,0xff,0xff,0xff,0xff,0xff,0x40,0x41,0x42,0x43,0x04,0x05},
    {0x00,0x01,0x02,0x03,0x06,0xff,0x07,0xff,0xff,0x04,0x05,0x81,0x84,0x88,0x82,0xff,0xff,0xff,0xff,0xff,0xff,0xff,0xff,0xff,0xff,0x0a,0x0b},
    {0x00,0x01,0x02,0x03,0x06,0xff,0x08,0x07,0x09,0x04,0x05,0x81,0x84,0x88,0x82,0xff,0xff,0xff,0xff,0xff,0xff,0x40,0x41,0x42,0x45,0x0a,0x0b},
    {0x00,0x01,0x02,0x03,0x06,0xff,0x07,0x08,0x09,0x04,0x05,0x81,0x84,0x88,0x82,0xff,0xff,0xff,0xff,0xff,0xff,0x40,0x41,0x47,0x45,0x0a,0x0b},
    {0x00,0x01,0x02,0x03,0x06,0xff,0x07,0x08,0x09,0x04,0x05,0x81,0x84,0x88,0x82,0xff,0xff,0xff,0xff,0xff,0xff,0x40,0x41,0x43,0x44,0x45,0x42},
    {0x00,0x01,0x02,0x03,0x07,0xff,0x06,0x08,0x09,0x04,0x05,0x81,0x84,0x88,0x82,0xff,0xff,0xff,0xff,0xff,0xff,0x40,0x41,0x42,0x44,0x0a,0x0b},
    {0x00,0x01,0x02,0x03,0x06,0xff,0x07,0x08,0x09,0x04,0x05,0x81,0x84,0x88,0x82,0xff,0xff,0xff,0xff,0xff,0xff,0x40,0x41,0x43,0x44,0x72,0x75},
    {0x00,0x01,0x02,0x03,0x0d,0xff,0x0c,0x0e,0x0f,0x05,0x04,0x08,0x09,0x0a,0x0b,0xff,0xff,0xff,0xff,0xff,0xff,0x40,0x41,0x42,0x45,0x06,0x07},
    {0x00,0x01,0x02,0x03,0x07,0xff,0x06,0x08,0x09,0x05,0x04,0x81,0x84,0x88,0x82,0xff,0xff,0xff,0xff,0xff,0xff,0x40,0x41,0x43,0x44,0x0a,0x07},
    {0x00,0x01,0x02,0x03,0x07,0xff,0x06,0x08,0x09,0x0a,0x0b,0x81,0x84,0x88,0x82,0xff,0xff,0xff,0xff,0xff,0xff,0x40,0x41,0x43,0x44,0x05,0x04},
    {0x02,0x01,0x03,0x00,0x08,0xff,0x09,0x0a,0x0b,0x06,0x07,0x81,0x84,0x88,0x82,0xff,0xff,0xff,0xff,0xff,0xff,0x40,0x41,0x45,0x42,0x04,0x05},
    {0x00,0x01,0x03,0x04,0x0a,0x14,0x0b,0x0d,0x0e,0x06,0x07,0x81,0x84,0x88,0x82,0xff,0xff,0xff,0xff,0xff,0xff,0x40,0x41,0x42,0x45,0x08,0x47},
    {0x00,0x01,0x03,0x04,0x0a,0x0c,0x0b,0x0d,0x0e,0x06,0x07,0x81,0x84,0x88,0x82,0xff,0xff,0xff,0xff,0xff,0xff,0x40,0x41,0x43,0x44,0xff,0xff},
    {0x00,0x01,0x03,0x04,0x0a,0x0c,0x0b,0x0d,0x0e,0x06,0x07,0x81,0x84,0x88,0x82,0xff,0xff,0xff,0xff,0xff,0xff,0x40,0xff,0x43,0xff,0x08,0x09},
    {0x00,0x01,0x03,0x04,0x0a,0xff,0x08,0xff,0x09,0x64,0x05,0x81,0x84,0x88,0x82,0xff,0x07,0x06,0xff,0xff,0xff,0x40,0x41,0x43,0x45,0x54,0x02},
    {0x04,0x05,0x01,0x02,0x06,0xff,0x03,0x00,0x09,0x0a,0x08,0x0d,0x0f,0x0e,0x10,0xff,0x0b,0x0c,0xff,0xff,0xff,0x40,0x41,0xff,0xff,0x64,0x54},
    {0x02,0x01,0x03,0x00,0x0b,0xff,0x08,0x09,0x00,0x06,0x07,0x81,0x84,0x88,0x82,0xff,0xff,0xff,0xff,0xff,0xff,0x40,0x41,0x43,0x42,0x04,0x05},
    {0x00,0x01,0x03,0x04,0x0a,0xff,0x0b,0xff,0xff,0x06,0x07,0xff,0xff,0xff,0xff,0xff,0xff,0xff,0xff,0xff,0xff,0xff,0xff,0xff,0xff,0xff,0xff},
    {0x00,0x02,0x01,0x03,0xff,0xff,0x07,0xff,0xff,0xff,0x04,0x81,0x84,0x88,0x82,0xff,0xff,0xff,0xff,0xff,0xff,0x40,0x41,0x42,0x43,0x54,0x64},
    {0x00,0x01,0x02,0x03,0x10,0x11,0x0f,0x08,0x09,0x04,0x05,0x0a,0x0b,0x0d,0x0c,0xff,0xff,0xff,0xff,0xff,0xff,0x40,0x71,0x42,0x73,0x06,0x07},
    {0x00,0x01,0x02,0x03,0x06,0x08,0x07,0x09,0x0a,0x04,0x05,0x81,0x84,0x88,0x82,0xff,0xff,0xff,0xff,0xff,0xff,0x40,0x41,0x42,0x43,0x44,0x45},
    {0x00,0x01,0x03,0x04,0x0a,0x0c,0x0b,0x0d,0x0e,0x06,0x07,0x81,0x84,0x88,0x82,0xff,0xff,0xff,0xff,0xff,0xff,0x40,0x41,0x42,0x43,0x45,0x44},
    {0x00,0x01,0x02,0x03,0x09,0x0a,0x08,0x06,0x07,0x04,0x05,0x0b,0x0c,0x0d,0x0e,0xff,0xff,0xff,0xff,0xff,0xff,0x40,0x41,0x43,0x44,0x42,0x45},
    {0x02,0x04,0x00,0x06,0xff,0xff,0x0d,0xff,0xff,0x08,0x09,0x11,0x10,0x0f,0x0e,0xff,0xff,0xff,0xff,0xff,0xff,0x40,0x42,0xff,0xff,0x45,0x44},
    {0x00,0x01,0x02,0x03,0xff,0x0c,0xff,0xff,0xff,0x04,0x05,0x08,0x09,0x0b,0x0a,0xff,0xff,0xff,0xff,0xff,0xff,0x40,0x71,0x42,0x73,0x06,0x07},
    {0x00,0x01,0x02,0x03,0xff,0xff,0x0c,0xff,0xff,0x04,0x05,0x08,0x09,0x0b,0x0a,0xff,0xff,0xff,0xff,0xff,0xff,0x40,0x71,0x42,0x73,0x06,0x07},
    {0x00,0x01,0x03,0x04,0x1f,0x35,0x0b,0x0d,0x0e,0x06,0x07,0x81,0x84,0x88,0x82,0xff,0xff,0xff,0xff,0xff,0xff,0x40,0x41,0x42,0x43,0x46,0x45},
    {0x00,0x01,0x02,0x03,0x04,0x05,0x06,0x07,0x08,0x09,0x0a,0x81,0x84,0x88,0x82,0xff,0x0b,0x0d,0x0c,0x0e,0xff,0x40,0x41,0x42,0x43,0x44,0x45},
    {0x00,0x01,0x02,0x03,0x06,0xff,0x07,0x09,0x0a,0x04,0x05,0x81,0x84,0x88,0x82,0xff,0xff,0xff,0xff,0xff,0xff,0x40,0x41,0xff,0xff,0x42,0x45},
    {0x01,0x00,0x04,0x03,0x0a,0x0c,0x0b,0x0d,0x0e,0x06,0x07,0x81,0x84,0x88,0x82,0xff,0xff,0xff,0xff,0xff,0xff,0x40,0x41,0x42,0x43,0x45,0x44},
    {0x01,0x00,0x04,0x03,0x0a,0xff,0x0b,0x0d,0x0e,0x06,0x07,0x81,0x84,0x88,0x82,0xff,0xff,0xff,0xff,0xff,0xff,0x40,0x41,0x42,0x43,0x45,0x44},
    {0x00,0x01,0x03,0x04,0x0a,0x0c,0x0b,0x0d,0x0e,0x06,0x07,0x81,0x84,0x88,0x82,0xff,0xff,0xff,0xff,0xff,0xff,0x40,0x41,0x42,0x43,0x08,0x09},
    {0x02,0x01,0x03,0x00,0x08,0xff,0x09,0xff,0xff,0xff,0xff,0x61,0x51,0x60,0x50,0xff,0xff,0xff,0xff,0xff,0xff,0xff,0xff,0xff,0xff,0xff,0xff},
    {0x00,0x01,0x02,0x03,0x06,0x08,0x07,0x09,0x0a,0x04,0x05,0x81,0x84,0x88,0x82,0xff,0x0c,0x0b,0xff,0xff,0xff,0x40,0x41,0x43,0x44,0x42,0x45},
    {0x00,0x01,0x02,0x03,0x06,0x08,0x07,0x09,0x0a,0x04,0x05,0x81,0x84,0x88,0x82,0x0b,0x0f,0x10,0x11,0x12,0xff,0x40,0x41,0x43,0x44,0x42,0x45},
    {0x00,0x01,0x03,0x04,0x0a,0x0c,0x0b,0x0d,0x0e,0x06,0x07,0x81,0x84,0x88,0x82,0x0f,0xff,0xff,0xff,0xff,0xff,0x40,0x41,0x42,0x43,0x45,0x44},
    {0x42,0x02,0x04,0x05,0x08,0x03,0x09,0x00,0xff,0x06,0x07,0xff,0xff,0xff,0xff,0xff,0xff,0xff,0xff,0xff,0xff,0x40,0x41,0xff,0xff,0xff,0xff},
    {0x00,0x01,0x02,0x03,0x06,0x08,0x07,0x09,0x0a,0x04,0x05,0x81,0x84,0x88,0x82,0xff,0xff,0xff,0xff,0xff,0xff,0x40,0x41,0x43,0x44,0x52,0x55},
    {0x00,0x01,0x02,0x03,0x08,0x0a,0x09,0xff,0xff,0x04,0x05,0xff,0xff,0xff,0xff,0xff,0xff,0xff,0xff,0xff,0xff,0xff,0xff,0xff,0xff,0x06,0x07},
    {0x00,0x01,0x02,0x03,0x08,0x0a,0x09,0xff,0xff,0x04,0x05,0x81,0x84,0x88,0x82,0xff,0xff,0xff,0xff,0xff,0xff,0xff,0xff,0xff,0xff,0x06,0x07},
    {0x00,0x01,0x03,0x04,0x0a,0x0c,0x0b,0x0d,0x0e,0x06,0x07,0x81,0x84,0x88,0x82,0xff,0x13,0x12,0x0f,0x05,0xff,0x40,0x41,0x42,0x43,0x45,0x44},
    {0x00,0x01,0x02,0x03,0x04,0xff,0xff,0xff,0xff,0xff,0xff,0xff,0xff,0xff,0xff,0xff,0xff,0xff,0xff,0xff,0xff,0xff,0xff,0xff,0xff,0xff,0xff},
    {0x08,0x09,0x0a,0x0b,0x0c,0xff,0xff,0xff,0xff,0xff,0xff,0xff,0xff,0xff,0xff,0xff,0xff,0xff,0xff,0xff,0xff,0xff,0xff,0xff,0xff,0xff,0xff},
    {0x01,0x00,0x03,0x02,0x04,0xff,0x05,0xff,0xff,0xff,0xff,0x61,0x51,0x60,0x50,0xff,0xff,0xff,0xff,0xff,0xff,0xff,0xff,0xff,0xff,0xff,0xff},
    {0x00,0x01,0x02,0x03,0x06,0x08,0x07,0x09,0x0a,0x04,0x05,0x81,0x84,0x88,0x82,0xff,0xff,0xff,0xff,0xff,0xff,0x40,0x41,0x44,0x44,0x52,0x55},
    {0x02,0x03,0x00,0x01,0x08,0xff,0x09,0x0a,0x0b,0x04,0x06,0x81,0x84,0x88,0x82,0xff,0xff,0xff,0xff,0xff,0xff,0x40,0x41,0x42,0x43,0x05,0x07},
    {0x02,0x01,0x03,0x00,0x08,0xff,0x09,0xff,0xff,0x06,0x07,0xff,0xff,0xff,0xff,0xff,0xff,0xff,0xff,0xff,0xff,0x40,0x41,0xff,0xff,0x04,0x05},
    {0x01,0x00,0x03,0x02,0x06,0xff,0x07,0xff,0xff,0x04,0x05,0xff,0xff,0xff,0xff,0xff,0xff,0xff,0xff,0xff,0xff,0x40,0x41,0xff,0xff,0xff,0xff},
    {0x00,0x01,0x02,0x03,0x06,0xff,0x07,0x09,0x0a,0x04,0x05,0x0e,0x0d,0x0e,0x0d,0xff,0xff,0xff,0xff,0xff,0xff,0x40,0x41,0x43,0x44,0x42,0x45},
    {0x00,0x01,0x02,0x03,0x06,0x08,0x07,0xff,0xff,0x04,0x05,0x81,0x84,0x88,0x82,0xff,0xff,0xff,0xff,0xff,0xff,0xff,0xff,0xff,0xff,0x42,0x45},
    {0x00,0x01,0x02,0x03,0x07,0xff,0x06,0x09,0x0a,0x04,0x05,0x81,0x84,0x88,0x82,0xff,0xff,0xff,0xff,0xff,0xff,0x40,0x41,0x43,0x44,0x42,0x45},
    {0x00,0x01,0x02,0x03,0x06,0x07,0x07,0x09,0x0a,0x04,0x05,0x81,0x84,0x88,0x82,0xff,0xff,0xff,0xff,0xff,0xff,0x40,0x41,0x43,0x44,0x42,0x45},
    {0x01,0x02,0x00,0x03,0x08,0x0c,0x09,0x0a,0x0b,0x04,0x05,0x81,0x84,0x88,0x82,0xff,0xff,0xff,0xff,0xff,0xff,0x40,0x41,0x42,0x45,0x06,0x44},
    {0x05,0x03,0x04,0x02,0x08,0xff,0x01,0xff,0xff,0x06,0x07,0x09,0x0a,0x0c,0x0b,0xff,0xff,0xff,0xff,0xff,0xff,0x40,0x41,0x42,0x43,0x64,0x65},
    {0x01,0x02,0x00,0x03,0x08,0x0d,0x09,0x0a,0x0b,0x04,0x05,0x81,0x84,0x88,0x82,0xff,0xff,0xff,0xff,0xff,0x0d,0x40,0x41,0x42,0x45,0x43,0x44},
    {0x00,0x01,0x03,0x04,0xff,0xff,0xff,0xff,0xff,0x07,0x02,0x61,0x51,0x60,0x50,0xff,0xff,0xff,0xff,0xff,0xff,0xff,0xff,0xff,0xff,0x06,0x05},
    {0x00,0x01,0x02,0x03,0x06,0x0a,0x07,0x08,0x09,0x04,0x05,0x81,0x84,0x88,0x82,0x0b,0xff,0xff,0xff,0xff,0xff,0x40,0x41,0x42,0x45,0x43,0x44},
    {0x00,0x02,0x01,0x03,0xff,0xff,0xff,0x0a,0x0b,0x04,0x06,0x81,0x84,0x88,0x82,0xff,0xff,0xff,0xff,0xff,0xff,0x40,0x41,0x42,0x43,0x08,0x09},
    {0x0b,0x0c,0x0d,0x0e,0x0f,0xff,0x10,0x15,0x16,0x11,0x12,0x05,0x06,0x03,0x04,0xff,0xff,0xff,0xff,0xff,0xff,0x40,0x41,0x43,0x44,0x45,0x42},
    {0x02,0x03,0x04,0x05,0x0a,0x0c,0x0b,0x0d,0x0e,0x06,0x07,0x65,0x55,0x64,0x54,0xff,0x0f,0x10,0xff,0xff,0xff,0x40,0x41,0x42,0x43,0x47,0x46},
    {0x02,0x03,0x04,0x05,0x0a,0x0c,0x0b,0x0d,0xff,0x06,0x07,0x11,0x12,0x13,0x14,0xff,0x10,0x0f,0xff,0xff,0xff,0x40,0x41,0x42,0x43,0x08,0x09},
    {0x02,0x03,0x04,0x05,0x0a,0x0c,0x0b,0x0d,0xff,0x06,0x07,0x11,0x12,0x13,0x14,0xff,0x10,0x0f,0xff,0xff,0xff,0x40,0x41,0x42,0x43,0x47,0x46},
    {0x03,0x04,0x05,0x06,0x0b,0x0d,0x0c,0x0e,0x0f,0x07,0x08,0x10,0x11,0x12,0x13,0x02,0x15,0x14,0x17,0x16,0xff,0x40,0x41,0x42,0x43,0x49,0x48},
    {0x00,0x01,0x03,0x04,0x06,0xff,0x07,0x08,0x09,0x05,0x02,0x81,0x84,0x88,0x82,0xff,0xff,0xff,0xff,0xff,0xff,0x40,0x41,0x43,0x44,0x42,0x45},
    {0x00,0x01,0xff,0xff,0x0a,0x0c,0x0b,0x0d,0xff,0x06,0x07,0x81,0x84,0x88,0x82,0xff,0xff,0xff,0xff,0xff,0xff,0x40,0x41,0x42,0x43,0x08,0x09},
    {0x01,0x00,0x04,0x03,0x0a,0x0c,0x0b,0x0d,0x0e,0x06,0x07,0x81,0x84,0x88,0x82,0xff,0xff,0xff,0xff,0xff,0xff,0x40,0x41,0x42,0x43,0x08,0x09},
    {0x00,0x01,0x03,0x04,0xff,0xff,0x0b,0xff,0xff,0x08,0x06,0x81,0x84,0x88,0x82,0xff,0xff,0xff,0xff,0xff,0xff,0x40,0x41,0xff,0xff,0x09,0x07},
    {0x01,0x00,0x04,0x03,0x0a,0x0c,0x0b,0xff,0xff,0x06,0x07,0x81,0x84,0x88,0x82,0xff,0xff,0xff,0xff,0xff,0xff,0x40,0x41,0x42,0x43,0x08,0x09},
    {0x00,0x01,0xff,0xff,0xff,0x0c,0x0b,0xff,0xff,0x06,0x07,0x81,0x84,0x88,0x82,0xff,0xff,0xff,0xff,0xff,0xff,0x40,0x41,0x42,0x43,0x08,0x09},
    {0x00,0x01,0x03,0x04,0x0a,0x0c,0x0b,0x0d,0x0e,0x06,0x07,0x81,0x84,0x88,0x82,0xff,0xff,0xff,0xff,0xff,0xff,0x40,0x41,0x42,0x43,0xff,0xff},
    {0x00,0x01,0x03,0x04,0x0a,0xff,0x0b,0xff,0xff,0x07,0x09,0x81,0x84,0x88,0x82,0xff,0xff,0xff,0xff,0xff,0xff,0xff,0xff,0xff,0xff,0x06,0x08},
    {0x01,0x00,0x04,0x03,0x0a,0x02,0x0b,0x0d,0x0e,0x06,0x07,0x81,0x84,0x88,0x82,0xff,0xff,0xff,0xff,0xff,0xff,0x40,0x41,0x42,0x43,0x45,0x44},
    {0x00,0x01,0x03,0x04,0x0a,0xff,0x0b,0xff,0xff,0x06,0x07,0x81,0x84,0x88,0x82,0xff,0xff,0xff,0xff,0xff,0xff,0x40,0x41,0x42,0x43,0x48,0x09},
    {0x01,0x00,0x04,0x03,0x0a,0x0c,0x0b,0x0d,0x0e,0x06,0x07,0x81,0x84,0x88,0x82,0xff,0x11,0x10,0x02,0x05,0xff,0x40,0x41,0x42,0x43,0x45,0x44},
    {0x01,0x00,0x04,0x03,0x0a,0xff,0x0b,0xff,0xff,0x06,0x07,0xff,0xff,0xff,0xff,0xff,0xff,0xff,0xff,0xff,0xff,0xff,0xff,0xff,0xff,0xff,0xff},
    {0x00,0x01,0x03,0x04,0x0a,0x0c,0x0b,0x0d,0x0e,0x06,0x07,0x81,0x84,0x88,0x82,0xff,0x11,0x10,0x02,0x05,0xff,0x40,0x41,0x42,0x43,0x45,0x44},
    {0x00,0x01,0x03,0x04,0x0a,0x0c,0x0b,0x0d,0x0e,0x06,0x07,0x81,0x84,0x88,0x82,0xff,0x05,0x02,0xff,0xff,0xff,0x40,0x41,0x42,0x43,0x45,0x44},
    {0x00,0x01,0x03,0x04,0x0a,0xff,0x0b,0xff,0xff,0x06,0x07,0x61,0x51,0x60,0x50,0xff,0xff,0xff,0xff,0xff,0xff,0xff,0xff,0xff,0xff,0xff,0xff},
    {0x00,0x01,0x03,0x04,0x0a,0x11,0x0b,0x0d,0x0e,0x06,0x07,0x81,0x84,0x88,0x82,0x0c,0xff,0xff,0xff,0xff,0xff,0x40,0x41,0x42,0x43,0x45,0x44},
    {0x00,0x01,0x02,0x03,0x09,0x0a,0x06,0x07,0x08,0x04,0x05,0x81,0x84,0x88,0x82,0x0b,0xff,0xff,0xff,0xff,0xff,0x40,0x41,0x42,0x43,0x45,0x44},
    {0x00,0x01,0x02,0x03,0x09,0x06,0x0a,0x07,0x08,0x04,0x05,0x81,0x84,0x88,0x82,0xff,0xff,0xff,0xff,0xff,0xff,0x40,0x41,0x42,0x43,0x45,0x44},
    {0x00,0x01,0x03,0x04,0x0a,0x0c,0x0b,0x0d,0x0e,0x06,0x07,0x81,0x84,0x88,0x82,0x15,0x16,0x17,0xff,0xff,0xff,0x40,0x41,0x42,0x43,0x45,0x44},
    {0x00,0x01,0xff,0xff,0x02,0x04,0x03,0xff,0xff,0xff,0xff,0x81,0x84,0x88,0x82,0xff,0xff,0xff,0xff,0xff,0xff,0xff,0xff,0xff,0xff,0xff,0xff},
    {0x00,0x01,0x03,0x02,0x06,0x08,0x07,0x09,0x0a,0x04,0x05,0x81,0x84,0x88,0x82,0xff,0xff,0xff,0xff,0xff,0xff,0x40,0x41,0x43,0x44,0x42,0x45},
    {0x00,0x01,0x02,0x03,0x08,0x0e,0x09,0x0a,0x0b,0x04,0x05,0x81,0x84,0x88,0x82,0x14,0xff,0xff,0xff,0xff,0xff,0x40,0x41,0x42,0x43,0x45,0x44},
    {0x00,0x01,0x03,0x04,0x0a,0x15,0x0b,0x0c,0x0d,0x06,0x07,0x81,0x84,0x88,0x82,0x0e,0x02,0x05,0x10,0x11,0xff,0x40,0x41,0x42,0x43,0x45,0x44},
    {0x00,0x01,0x03,0x04,0x0a,0x21,0x0b,0x0d,0x0e,0x06,0x07,0x81,0x84,0x88,0x82,0xff,0xff,0xff,0xff,0xff,0xff,0x40,0x41,0x42,0x43,0x45,0x44},
    {0x00,0x01,0x02,0x03,0x06,0x08,0x07,0x09,0x0a,0x04,0x05,0x81,0x84,0x88,0x82,0xff,0xff,0xff,0xff,0xff,0xff,0x40,0x41,0x42,0x43,0x45,0x44},
    {0x00,0x01,0x03,0x04,0x11,0x0c,0x0b,0x0d,0x0e,0x06,0x07,0x81,0x84,0x88,0x82,0xff,0xff,0xff,0xff,0xff,0xff,0x40,0x41,0x42,0x43,0x46,0x45},
    {0x00,0x01,0x02,0x03,0x06,0x08,0x07,0x09,0x0a,0x04,0x05,0x81,0x84,0x88,0x82,0xff,0x0b,0x0d,0x0c,0x0e,0xff,0x40,0x41,0x43,0x44,0x42,0x45},
    {0x00,0x01,0x02,0x03,0x09,0xff,0x06,0x07,0x08,0x04,0x05,0x81,0x84,0x88,0x82,0xff,0xff,0xff,0xff,0xff,0xff,0x40,0x41,0x42,0x43,0x45,0x44},
    {0x00,0x01,0x02,0x03,0xff,0xff,0x06,0x07,0x08,0x04,0x05,0x81,0x84,0x88,0x82,0xff,0xff,0xff,0xff,0xff,0xff,0x40,0x41,0x42,0x43,0x45,0x44},
    {0x00,0x01,0x03,0x04,0x0a,0x16,0x0b,0x0d,0x0e,0x06,0x07,0x81,0x84,0x88,0x82,0xff,0xff,0xff,0xff,0xff,0xff,0x40,0x41,0x42,0x43,0x45,0x44},
    {0x10,0x0f,0x0e,0x11,0x04,0xff,0x09,0x0c,0xff,0x06,0x08,0xff,0xff,0xff,0xff,0xff,0xff,0xff,0xff,0xff,0xff,0x41,0x70,0xff,0xff,0xff,0xff},
    {0x01,0x02,0x00,0x03,0x09,0xff,0x08,0x0a,0xff,0x04,0x06,0xff,0xff,0xff,0xff,0xff,0xff,0xff,0xff,0xff,0xff,0x71,0x40,0xff,0xff,0xff,0xff},
    {0x00,0x01,0x02,0x03,0x08,0x0a,0x09,0x0b,0x0c,0x04,0x05,0x81,0x84,0x88,0x82,0xff,0xff,0xff,0xff,0xff,0xff,0x40,0x41,0x42,0x43,0x06,0x07},
    {0x00,0x01,0x03,0x02,0x08,0x0a,0x09,0x0b,0x0c,0x04,0x05,0x0d,0x0e,0x0f,0x10,0xff,0xff,0xff,0xff,0xff,0xff,0x40,0x41,0x42,0x43,0x06,0x07},
    {0x00,0x01,0x03,0x02,0x09,0xff,0x0a,0xff,0xff,0x05,0x06,0x81,0x84,0x88,0x82,0xff,0xff,0xff,0xff,0xff,0xff,0xff,0xff,0xff,0xff,0x07,0x08},
    {0x00,0x01,0x02,0x03,0x0e,0x10,0x06,0x07,0x08,0x04,0x05,0x81,0x84,0x88,0x82,0x08,0xff,0xff,0xff,0xff,0xff,0x40,0x41,0x42,0x45,0x43,0x44},
    {0x00,0x03,0x01,0x02,0x0e,0xff,0x10,0x06,0x07,0x04,0x05,0x08,0x09,0x0a,0x0b,0xff,0xff,0xff,0xff,0xff,0xff,0x40,0x41,0x43,0x44,0x0c,0x0d},
    {0x01,0x02,0x00,0x03,0x08,0x0d,0x09,0x0a,0x0b,0x04,0x05,0x81,0x84,0x88,0x82,0xff,0xff,0xff,0xff,0xff,0xff,0x40,0x41,0x42,0x45,0x43,0x44},
    {0x00,0x01,0x03,0x04,0x0a,0x0f,0x0b,0xff,0xff,0x06,0x07,0x81,0x84,0x88,0x82,0xff,0xff,0xff,0xff,0xff,0xff,0x40,0x41,0x42,0x43,0xff,0xff},
    {0x00,0x01,0x03,0x04,0x0a,0xff,0x0b,0x0d,0x0e,0x06,0x07,0x81,0x84,0x88,0x82,0xff,0xff,0xff,0xff,0xff,0xff,0x40,0x41,0xff,0xff,0x45,0x44},
    {0x00,0x01,0x03,0x04,0x0a,0x0c,0x0b,0x0d,0x0e,0x06,0x07,0x81,0x84,0x88,0x82,0xff,0xff,0xff,0xff,0xff,0xff,0x40,0x41,0x42,0x43,0x42,0x43},
    {0x00,0x01,0x03,0x04,0x0a,0x0f,0x0b,0x0d,0x0e,0x06,0x07,0x81,0x84,0x88,0x82,0xff,0x05,0x02,0xff,0xff,0xff,0x40,0x41,0x42,0x43,0x45,0x44},
    {0x00,0x01,0x03,0x04,0x0a,0x20,0x0b,0x0d,0x0e,0x06,0x07,0x81,0x84,0x88,0x82,0xff,0xff,0xff,0xff,0xff,0xff,0x40,0x41,0x42,0x43,0x45,0x44},
    {0x00,0x01,0x03,0x04,0xff,0xff,0x0b,0x0d,0x0e,0x06,0x07,0x81,0x84,0x88,0x82,0xff,0xff,0xff,0xff,0xff,0xff,0x40,0x41,0x42,0x43,0x45,0x44},
    {0x00,0x01,0x02,0x03,0x06,0x08,0x07,0x09,0xff,0x04,0x05,0x0c,0x0e,0x0f,0x0d,0xff,0x0b,0x0a,0xff,0xff,0xff,0x40,0x41,0xff,0xff,0x42,0x43},
    {0x00,0x01,0x02,0x03,0x08,0xff,0x09,0x0a,0x0b,0x06,0x07,0x81,0x84,0x88,0x82,0xff,0xff,0xff,0xff,0xff,0xff,0x40,0x41,0x43,0x42,0x04,0x05},
    {0x00,0x01,0x03,0x04,0x0f,0x10,0x0b,0x0d,0x0e,0x06,0x07,0x81,0x84,0x88,0x82,0xff,0xff,0xff,0xff,0xff,0xff,0x40,0x41,0x42,0x43,0x45,0x44},
    {0x00,0x01,0x03,0x04,0xff,0xff,0x0b,0x0d,0x0e,0x06,0x07,0x81,0x84,0x88,0x82,0xff,0xff,0xff,0xff,0xff,0xff,0x40,0x41,0x42,0x43,0x46,0x45},
    {0x00,0x01,0x03,0x04,0x0a,0x14,0x0b,0x0d,0x0e,0x06,0x07,0x81,0x84,0x88,0x82,0xff,0xff,0xff,0xff,0xff,0xff,0x40,0x41,0x42,0x45,0x47,0x46},
};

static const nv_paddb_row_t kUsb[982] = {
    {0x0003, 0x0003, 441},   // Miroof
    {0x0010, 0x0082, 52},   // Akishop Customs PS360
    {0x0012, 0x00e5, 103},   // Elecom JC-U909Z
    {0x0012, 0x5010, 104},   // Elecom JC-U911
    {0x0078, 0x0006, 440},   // Microntek Joystick
    {0x0079, 0x0002, 75},   // King PS3 Controller
    {0x0079, 0x0006, 45},   // Marvo GT-004
    {0x0079, 0x0007, 75},   // Betop Controller
    {0x0079, 0x000a, 75},   // USB Controller
    {0x0079, 0x0011, 313},   // Retro Controller
    {0x0079, 0x0016, 145},   // Retro Fighters D6
    {0x0079, 0x0122, 45},   // PC Controller
    {0x0079, 0x0126, 278},   // TGZ Controller
    {0x0079, 0x1800, 44},   // Mayflash Wii U Pro Adapter
    {0x0079, 0x1803, 225},   // Mayflash Wii DolphinBar
    {0x0079, 0x1804, 371},   // Super Famicom Controller
    {0x0079, 0x181a, 48},   // Venom PS4 Arcade Joystick
    {0x0079, 0x181b, 87},   // Venom PS4 Arcade Joystick
    {0x0079, 0x181c, 137},   // TGZ Controller
    {0x0079, 0x1824, 226},   // Mega Drive Controller
    {0x0079, 0x1830, 216},   // Mayflash F300 Arcade Joystick
    {0x0079, 0x1843, 217},   // Mayflash GameCube Adapter
    {0x0079, 0x1844, 218},   // Mayflash GameCube Controller
    {0x0079, 0x1845, 129},   // NEXiLUX GameCube Adapter
    {0x0079, 0x1846, 129},   // GameCube Adapter
    {0x0079, 0x1847, 133},   // GameCube Controller
    {0x0079, 0x184f, 40},   // ZDT Android Controller
    {0x0079, 0x1879, 221},   // Mayflash N64 Adapter
    {0x0079, 0x188f, 307},   // Rapoo Gamepad
    {0x0079, 0x18ae, 227},   // Mega Drive Controller
    {0x0079, 0x18d2, 135},   // Mayflash Magic NS
    {0x0079, 0x18d4, 49},   // GPD Win
    {0x0079, 0x954e, 175},   // Hyperkin N64 Adapter
    {0x009f, 0xbbad, 214},   // MaxJoypad Virtual Controller
    {0x00ff, 0x01cb, 362},   // Sony PlayStation Portable
    {0x0111, 0x1417, 419},   // SteelSeries Stratus XL
    {0x0111, 0x1419, 365},   // SteelSeries
    {0x0111, 0x1420, 418},   // SteelSeries Nimbus
    {0x0111, 0x1431, 134},   // SteelSeries Stratus Duo
    {0x0171, 0x0419, 55},   // Amazon Luna Controller
    {0x018b, 0x0123, 194},   // Joytech JS-112
    {0x0314, 0x1809, 356},   // SNES Controller
    {0x0378, 0x0003, 452},   // TRBot Virtual Joypad
    {0x03eb, 0x0000, 242},   // NeGcon Adapter
    {0x03f0, 0x038d, 415},   // HyperX Clutch
    {0x03f0, 0x048d, 179},   // HyperX Clutch
    {0x0403, 0x97c1, 316},   // Retrode Adapter
    {0x040b, 0x6530, 278},   // USB Controller
    {0x040b, 0x6533, 88},   // Competition Pro
    {0x0411, 0x00c6, 119},   // FC801
    {0x0428, 0x4001, 146},   // Gravis GamePad Pro
    {0x044f, 0x0f07, 97},   // Dual Power
    {0x044f, 0xb10a, 373},   // T16000M
    {0x044f, 0xb300, 380},   // Thrustmaster Firestorm Dual Power
    {0x044f, 0xb303, 451},   // Thrustmaster Firestorm Dual Analog 2
    {0x044f, 0xb304, 98},   // Thrustmaster Firestorm Dual Power
    {0x044f, 0xb312, 98},   // Dual Power 3
    {0x044f, 0xb315, 98},   // Thrustmaster Dual Analog 4
    {0x044f, 0xb320, 98},   // Dual Trigger
    {0x044f, 0xb323, 6},   // Thrustmaster Dual Trigger PlayStation Co
    {0x044f, 0xb326, 49},   // GP XID
    {0x044f, 0xb328, 6},   // Score A
    {0x044f, 0xd001, 98},   // Rumble Force
    {0x044f, 0xd003, 381},   // Thrustmaster Run N Drive PlayStation Con
    {0x044f, 0xd007, 48},   // TMini
    {0x044f, 0xd008, 382},   // Thrustmaster Run N Drive PlayStation Con
    {0x044f, 0xd009, 44},   // Thrustmaster Run N Drive PlayStation Con
    {0x044f, 0xd00e, 111},   // Thrustmaster eSwap Pro Controller
    {0x0458, 0x100a, 386},   // Trust Sight Fighter
    {0x045e, 0x0003, 230},   // Microsoft SideWinder
    {0x045e, 0x0007, 62},   // Microsoft SideWinder
    {0x045e, 0x000e, 231},   // Microsoft SideWinder Freestyle Pro
    {0x045e, 0x0027, 232},   // Microsoft SideWinder Plug and Play
    {0x045e, 0x0028, 229},   // Microsoft Dual Strike
    {0x045e, 0x0202, 269},   // Xbox Controller
    {0x045e, 0x0285, 86},   // Xbox Controller
    {0x045e, 0x0287, 402},   // Xbox Controller
    {0x045e, 0x0289, 403},   // Xbox Controller
    {0x045e, 0x028e, 258},   // Xbox 360 Controller
    {0x045e, 0x0291, 49},   // Xbox 360 Controller
    {0x045e, 0x02a1, 258},   // Xbox 360 Receiver
    {0x045e, 0x02d1, 49},   // Xbox One Controller
    {0x045e, 0x02dd, 49},   // Xbox One Controller
    {0x045e, 0x02e0, 49},   // Xbox One Controller
    {0x045e, 0x02e3, 49},   // Xbox One Controller
    {0x045e, 0x02ea, 258},   // Xbox One Controller
    {0x045e, 0x02fd, 49},   // Xbox One Controller
    {0x045e, 0x02ff, 368},   // Xbox One Controller
    {0x045e, 0x0719, 49},   // Xbox 360 Controller
    {0x045e, 0x0b05, 420},   // Xbox Elite Controller Series 2
    {0x045e, 0x0b0a, 258},   // Xbox Adaptive Controller
    {0x045e, 0x0b0c, 49},   // Xbox One Controller
    {0x045e, 0x0b13, 368},   // Xbox Series Controller
    {0x045e, 0x0b20, 415},   // Xbox One Controller
    {0x045e, 0x0b22, 421},   // Xbox One Elite 2 Controller
    {0x046d, 0xc209, 201},   // Logitech WingMan
    {0x046d, 0xc20a, 204},   // Logitech WingMan RumblePad
    {0x046d, 0xc20b, 202},   // Logitech WingMan Action Pad
    {0x046d, 0xc211, 203},   // Logitech WingMan Cordless
    {0x046d, 0xc216, 44},   // Logitech Dual Action
    {0x046d, 0xc218, 44},   // Logitech F510
    {0x046d, 0xc219, 44},   // Logitech F710
    {0x046d, 0xc21a, 145},   // Logitech Precision
    {0x046d, 0xc21d, 49},   // Logitech F310
    {0x046d, 0xc21e, 86},   // Logitech F510
    {0x046d, 0xc21f, 86},   // Logitech F710
    {0x046d, 0xc242, 86},   // ChillStream
    {0x046d, 0xca84, 269},   // Precision
    {0x046d, 0xca88, 269},   // Thunderpad
    {0x046d, 0xcad1, 44},   // Logitech ChillStream
    {0x046d, 0xcad2, 48},   // Logitech Cordless Precision
    {0x047d, 0x4003, 408},   // Xterminator Digital Gamepad
    {0x047d, 0x4005, 145},   // Gravis Eliminator Pro
    {0x047d, 0x4006, 110},   // Eliminator AfterShock
    {0x047d, 0x4007, 430},   // Gravis Xterminator Force
    {0x047d, 0x4008, 144},   // Gravis Destroyer Tilt
    {0x04b4, 0x010a, 352},   // Sega Saturn Controller
    {0x04b4, 0x2410, 34},   // Flydigi Apex
    {0x04b4, 0x2411, 127},   // Flydigi Vader 2
    {0x04b4, 0x2412, 128},   // Flydigi Vader 2
    {0x04b4, 0xc681, 278},   // USB Controller
    {0x04d8, 0x0082, 437},   // IMS PCU0
    {0x04d8, 0xe686, 349},   // Sega Multi Controller
    {0x04d8, 0xea4a, 435},   // icedragon.io STAC Dance Pad
    {0x04d8, 0xea4b, 435},   // icedragon.io STAC Dance Pad
    {0x04d9, 0x0002, 199},   // TwinShock PS2 Controller
    {0x04d9, 0x0f16, 199},   // Sony PlayStation Adapter
    {0x04e8, 0xa000, 340},   // Samsung EIGP20
    {0x04fc, 0x5002, 62},   // Easy Grip
    {0x0500, 0x9b28, 301},   // Sega Saturn Adapter
    {0x0502, 0x1309, 57},   // Anbernic RG P01
    {0x050d, 0x0802, 73},   // Belkin Nostromo N40
    {0x050d, 0x0803, 74},   // Belkin Nostromo N45
    {0x054c, 0x0268, 275},   // PS3 Controller
    {0x054c, 0x05c4, 63},   // PS4 Controller
    {0x054c, 0x05c5, 61},   // CronusMax Adapter
    {0x054c, 0x09cc, 63},   // PS4 Controller
    {0x054c, 0x0ba0, 63},   // PS4 Controller
    {0x054c, 0x0cda, 360},   // Sony PlayStation Classic Controller
    {0x054c, 0x0ce6, 280},   // PS5 Controller
    {0x054c, 0x0df2, 280},   // PS5 Controller
    {0x054c, 0x0e5f, 280},   // PS5 Access Controller
    {0x054c, 0x1337, 363},   // Sony PlayStation Vita
    {0x056e, 0x2003, 107},   // Elecom U3613M
    {0x056e, 0x2005, 105},   // Elecom P301U PlayStation Adapter
    {0x056e, 0x2007, 109},   // Elecom W01U
    {0x056e, 0x200a, 101},   // Elecom DUX60 MMO
    {0x056e, 0x200e, 105},   // Elecom U3912T
    {0x056e, 0x200f, 105},   // Elecom U4013S
    {0x056e, 0x2010, 108},   // Elecom U4113S
    {0x056e, 0x2013, 48},   // Elecom U4113
    {0x057e, 0x0330, 394},   // Wii U Pro
    {0x057e, 0x2006, 251},   // Nintendo Switch Joy-Con (L)
    {0x057e, 0x2007, 252},   // Nintendo Switch Joy-Con (R)
    {0x057e, 0x2009, 235},   // Nintendo Switch Pro Controller
    {0x057e, 0x2017, 255},   // NSO SNES Controller
    {0x057e, 0x2019, 254},   // NSO N64 Controller
    {0x057e, 0x2069, 250},   // Nintendo Switch 2 Pro Controller
    {0x057e, 0x2073, 253},   // NSO GameCube Controller
    {0x0583, 0x2050, 281},   // PSX
    {0x0583, 0x2060, 314},   // Retro Controller
    {0x0583, 0x2061, 345},   // Sanwa Smart Grip II
    {0x0583, 0x3051, 184},   // InterAct ActionPad
    {0x0583, 0x3070, 325},   // Rockfire Space Ranger
    {0x0583, 0x5200, 323},   // Rockfire CosmoVoyager
    {0x0583, 0x6001, 60},   // Arcade
    {0x0583, 0x6009, 321},   // Revenger
    {0x0583, 0xa000, 324},   // Rockfire MaxFire G08XU
    {0x0583, 0xa009, 94},   // Genius
    {0x0583, 0xb031, 94},   // Genius Maxfire Blaze 3
    {0x05a0, 0x3232, 41},   // 8BitDo Zero
    {0x05ac, 0x022c, 191},   // Ipega Controller
    {0x05ac, 0x022d, 34},   // GameSir G4
    {0x05ac, 0x033d, 134},   // GameSir G3
    {0x05ac, 0x044d, 134},   // GameSir G4
    {0x05ac, 0x055b, 135},   // GameSir G3w
    {0x05ac, 0x056b, 34},   // GT2a
    {0x05ac, 0x057a, 136},   // Gamesir G5
    {0x05ac, 0x061a, 137},   // GameSir T3 2.02
    {0x05b8, 0x1002, 135},   // Trust Gamepad
    {0x05b8, 0x1004, 102},   // Elecom Gamepad
    {0x05b8, 0x1006, 102},   // Elecom Gamepad
    {0x05e3, 0x0596, 106},   // Sony PlayStation Adapter
    {0x05e3, 0x0681, 412},   // Austgame GameCube Adapter
    {0x05e3, 0x0732, 106},   // Austgame Twin Pad
    {0x05ef, 0x0003, 108},   // InterAct AxisPad
    {0x05fd, 0x0239, 187},   // InterAct Hammerhead
    {0x05fd, 0x0253, 190},   // InterAct ProPad
    {0x05fd, 0x262a, 188},   // InterAct Hammerhead FX
    {0x05fd, 0x262f, 189},   // InterAct Hammerhead FX
    {0x05fd, 0x3000, 186},   // Interact GoPad
    {0x05fd, 0x3002, 185},   // InterAct AxisPad
    {0x062a, 0x0020, 401},   // Xbox Controller
    {0x062a, 0x2410, 213},   // Matricom
    {0x0662, 0x70d5, 268},   // PowerA PS3 Controller
    {0x0663, 0x0102, 346},   // Sanwa Virtua Grip
    {0x06a3, 0x0107, 332},   // Saitek P220
    {0x06a3, 0x0109, 337},   // Saitek P880
    {0x06a3, 0x040b, 338},   // Saitek P990
    {0x06a3, 0x040c, 336},   // Saitek P2900
    {0x06a3, 0x0510, 449},   // Saitek P150
    {0x06a3, 0x0621, 330},   // Saitek PS1000 PlayStation Controller
    {0x06a3, 0x5f0d, 334},   // Saitek P2600
    {0x06a3, 0xf518, 329},   // Saitek P3200
    {0x06a3, 0xf51a, 329},   // Saitek Cyborg
    {0x06a3, 0xf620, 330},   // Saitek PS2700 PlayStation Controller
    {0x06a3, 0xf622, 91},   // Cyborg V.3 Rumble
    {0x06a3, 0xf623, 330},   // Saitek Cyborg
    {0x06a3, 0xff0c, 333},   // Saitek P2500 Force Rumble
    {0x06a3, 0xff0d, 335},   // Saitek P2600
    {0x06d6, 0x002a, 385},   // Trust 850F
    {0x06f0, 0x0003, 452},   // TRBot Virtual Joypad
    {0x06f7, 0x0001, 240},   // N64 Adaptoid
    {0x06f8, 0xa300, 92},   // DA Leader
    {0x06f8, 0xa301, 123},   // Firestorm
    {0x0738, 0x2217, 341},   // Speedlink Competition Pro
    {0x0738, 0x3180, 61},   // Mad Catz FightStick Alpha PS3
    {0x0738, 0x3187, 210},   // Mad Catz PlayStation Fightstick
    {0x0738, 0x3250, 48},   // Mad Catz Fightpad Pro PS3
    {0x0738, 0x3282, 210},   // Mad Catz PlayStation Brawlpad
    {0x0738, 0x3285, 153},   // Mad Catz Arcade Fightstick TE S PS3
    {0x0738, 0x3384, 48},   // Mad Catz Fightstick TE S PS3
    {0x0738, 0x3480, 153},   // Mad Catz TE2 PS3 Fightstick
    {0x0738, 0x3481, 208},   // Mad Catz Fightstick TE2 PS3
    {0x0738, 0x4426, 396},   // Xbox 360 Controller
    {0x0738, 0x4516, 269},   // Xbox Controller
    {0x0738, 0x4520, 6},   // Xbox 360 Controller
    {0x0738, 0x4526, 51},   // Xbox Controller
    {0x0738, 0x4536, 269},   // Xbox Controller
    {0x0738, 0x4556, 49},   // Lynx
    {0x0738, 0x4586, 49},   // Xbox Controller
    {0x0738, 0x4716, 49},   // Xbox 360 Controller
    {0x0738, 0x4718, 122},   // Mad Catz Street Fighter 4 Xbox 360 Fight
    {0x0738, 0x4726, 51},   // Xbox 360 Controller
    {0x0738, 0x4728, 120},   // Xbox 360 Fightpad
    {0x0738, 0x4736, 397},   // Xbox 360 Controller
    {0x0738, 0x4738, 370},   // Street Fighter Fightstick TE
    {0x0738, 0x5262, 207},   // Mad Catz Micro CTRLR
    {0x0738, 0x5263, 6},   // Mad Catz CTRLR
    {0x0738, 0x5266, 207},   // Mad Catz CTRLR
    {0x0738, 0x8180, 212},   // Mad Catz SFV Arcade Fightstick Alpha PS4
    {0x0738, 0x8250, 63},   // Mad Catz Fightpad Pro PS4
    {0x0738, 0x8263, 48},   // MLG PS3 Controller
    {0x0738, 0x8384, 63},   // Mad Catz Fightstick TE S PS4
    {0x0738, 0x8480, 154},   // Mad Catz TE2 PS4 Fightstick
    {0x0738, 0x8481, 209},   // Mad Catz Fightstick TE2 PS4
    {0x0738, 0x8818, 211},   // Mad Catz SFIV Fightstick PS3
    {0x0738, 0x8838, 153},   // Mad Catz Arcade Fightstick TE S Plus PS3
    {0x0738, 0xa856, 48},   // Mad Catz PS3 Controller
    {0x0738, 0xb726, 49},   // Xbox 360 Controller
    {0x0738, 0xb738, 122},   // Mad Catz Fightstick TE
    {0x0738, 0xbeef, 50},   // NEO SE
    {0x0738, 0xcb02, 90},   // Cyborg
    {0x073b, 0xa104, 353},   // SFX
    {0x0773, 0x0104, 246},   // Sanwa PlayOnline Mobile
    {0x0773, 0x0106, 351},   // Sega Saturn Controller
    {0x07b5, 0x004f, 439},   // Mega World Logic 3 Controller
    {0x07b5, 0x0213, 125},   // Firestorm D3
    {0x07b5, 0x0312, 331},   // Techmobility X6-38V
    {0x07b5, 0x0314, 183},   // Impact Black
    {0x07b5, 0x0315, 389},   // USB Controller
    {0x07b5, 0x9903, 124},   // Firestorm 2
    {0x0810, 0x0001, 199},   // PS1 Controller
    {0x0810, 0x0003, 271},   // PS2 Controller
    {0x0810, 0xe101, 150},   // Havit HV G60
    {0x0810, 0xe501, 247},   // NEXT SNES Controller
    {0x081f, 0xe401, 318},   // Super Famicom Controller
    {0x0838, 0x8918, 69},   // AtGames Legends Gamer Pro
    {0x0925, 0x0005, 274},   // PS3 Controller
    {0x0925, 0x03e8, 224},   // Mayflash Wii Classic Adapter
    {0x0925, 0x1700, 193},   // Joypad Adapter
    {0x0925, 0x1801, 106},   // PS3 Controller
    {0x0925, 0x1802, 106},   // Elecom PlayStation Adapter
    {0x0925, 0x2801, 215},   // Mayflash Arcade Stick
    {0x0925, 0x8800, 106},   // PS2 Controller
    {0x0925, 0x8866, 106},   // MP-8866 Super Dual Box
    {0x0925, 0x8868, 272},   // PS2 Controller
    {0x0925, 0x8888, 106},   // PS2 Controller
    {0x0926, 0x2526, 130},   // GameCube Controller
    {0x0926, 0x8888, 89},   // Cyber Gadget GameCube Controller
    {0x0955, 0x7210, 257},   // NVIDIA Shield
    {0x0955, 0x7214, 256},   // NVIDIA Controller
    {0x0955, 0xb400, 258},   // NVIDIA Virtual
    {0x0a12, 0x0001, 34},   // PS3 Controller
    {0x0a5c, 0x8502, 182},   // iDroidCon
    {0x0a68, 0x0003, 452},   // TRBot Virtual Joypad
    {0x0ae4, 0x0702, 375},   // Taito Egret II Mini Controller
    {0x0ae4, 0x0703, 374},   // Taito Egret II Mini Control Panel
    {0x0b05, 0x18e3, 326},   // ROG Chakram
    {0x0b05, 0x18e5, 326},   // ROG Chakram
    {0x0b05, 0x1958, 326},   // ROG Chakram Core
    {0x0b05, 0x1a18, 326},   // ROG Chakram X
    {0x0b05, 0x1a1a, 326},   // ROG Chakram X
    {0x0b05, 0x1a1c, 326},   // ROG Chakram X
    {0x0b05, 0x4500, 248},   // Nexus
    {0x0b05, 0x7905, 40},   // ASUS ROG Kunai 3
    {0x0b05, 0x7906, 58},   // ASUS ROG Kunai 3
    {0x0b43, 0x0003, 112},   // EMS Production PS2 Adapter
    {0x0b43, 0x0005, 132},   // GameCube Controller
    {0x0b49, 0x0644, 62},   // ASCII Seamic Controller
    {0x0c12, 0x0005, 410},   // Zeroplus Adapter
    {0x0c12, 0x0708, 63},   // PS4 Controller
    {0x0c12, 0x0713, 61},   // PS3 Controller
    {0x0c12, 0x0c31, 82},   // Brook Super Converter
    {0x0c12, 0x0e10, 61},   // Armor 3
    {0x0c12, 0x0e11, 61},   // Pro5
    {0x0c12, 0x0e13, 63},   // PS4 Controller
    {0x0c12, 0x0e15, 63},   // PS4 Controller
    {0x0c12, 0x0e16, 63},   // Steel Play Metaltech PS4 Controller
    {0x0c12, 0x0e18, 63},   // PS4 Controller
    {0x0c12, 0x0e1e, 63},   // PS4 Controller
    {0x0c12, 0x0e20, 80},   // Brook Mars PS4 Controller
    {0x0c12, 0x0e21, 80},   // Brook Mars PS4 Controller
    {0x0c12, 0x0e30, 48},   // Brook Audio Fighting Board PS3
    {0x0c12, 0x0e31, 63},   // Brook Audio Fighting Board PS4
    {0x0c12, 0x0ef1, 81},   // Brook PS2 Adapter
    {0x0c12, 0x0ef6, 265},   // P4 Gamepad
    {0x0c12, 0x0ef7, 63},   // PS4 Controller
    {0x0c12, 0x0ef9, 61},   // PS3 Controller
    {0x0c12, 0x1cf2, 63},   // PS4 Controller
    {0x0c12, 0x1cf3, 63},   // PS4 Controller
    {0x0c12, 0x1cf4, 63},   // PS4 Controller
    {0x0c12, 0x1cf5, 63},   // PS4 Controller
    {0x0c12, 0x1cf6, 111},   // Elite
    {0x0c12, 0x1e10, 111},   // Zeroplus P4 Gamepad
    {0x0c12, 0x1e11, 63},   // PS4 Controller
    {0x0c12, 0x1e12, 63},   // PS4 Controller
    {0x0c12, 0x1e18, 63},   // PS4 Controller
    {0x0c12, 0x1e19, 63},   // PS4 Controller
    {0x0c12, 0x1e1c, 63},   // SnakeByte 4S PS4 Controller
    {0x0c12, 0x2e18, 111},   // Zeroplus PS4 Controller
    {0x0c12, 0x57a8, 61},   // Gator Claw
    {0x0c12, 0x57a9, 63},   // PS4 Controller
    {0x0c12, 0x57aa, 63},   // PS4 Controller
    {0x0c12, 0x57ab, 61},   // Warrior Joypad JS083
    {0x0c12, 0x8802, 138},   // Nyko Airflo Xbox Controller
    {0x0c12, 0x880a, 399},   // Xbox Controller
    {0x0c12, 0x8810, 400},   // Xbox Controller
    {0x0c12, 0xf11c, 61},   // PS3 Controller
    {0x0c45, 0x4320, 94},   // Xeox SL6556BK
    {0x0ca3, 0x0024, 348},   // Sega Mega Drive Mini 6B Controller
    {0x0ca3, 0x0025, 347},   // Sega Genesis Mini 3B Controller
    {0x0ca3, 0x0027, 64},   // Astro City Mini
    {0x0ca3, 0x0028, 65},   // Astro City Mini
    {0x0d28, 0x0202, 233},   // Miller Lite Cantroller
    {0x0d9d, 0x3011, 273},   // Sanwa PlayStation Adapter
    {0x0d9d, 0x3013, 273},   // PS2 Controller
    {0x0de0, 0x0003, 452},   // TRBot Virtual Joypad
    {0x0e12, 0x0c12, 63},   // PS4 Controller
    {0x0e16, 0x0c12, 63},   // PS4 Controller
    {0x0e19, 0x1001, 59},   // Aquaplus Piece
    {0x0e4c, 0x3510, 138},   // Gamester
    {0x0e6a, 0x4011, 66},   // Atari CX Controller
    {0x0e6f, 0x0003, 404},   // XGear
    {0x0e6f, 0x0109, 52},   // PDP PS3 Versus Fighting
    {0x0e6f, 0x0111, 48},   // Afterglow PS3 Controller
    {0x0e6f, 0x0113, 49},   // Afterglow Xbox Controller
    {0x0e6f, 0x0114, 48},   // Afterglow PS3 Controller
    {0x0e6f, 0x0119, 48},   // Afterglow PS3 Controller
    {0x0e6f, 0x011a, 48},   // Afterglow PS3 Controller
    {0x0e6f, 0x011e, 48},   // Rock Candy PS3 Controller
    {0x0e6f, 0x011f, 50},   // Rock Candy
    {0x0e6f, 0x0124, 52},   // Injustice Fightstick PS3 Controller
    {0x0e6f, 0x0128, 48},   // Rock Candy PS3 Controller
    {0x0e6f, 0x012f, 48},   // Rock Candy PS3 Controller
    {0x0e6f, 0x0130, 48},   // EA Sports PS3 Controller
    {0x0e6f, 0x0131, 322},   // PDP EA Sports Controller
    {0x0e6f, 0x0132, 48},   // Battlefield 4 PS3 Controller
    {0x0e6f, 0x0139, 49},   // Afterglow Xbox Controller
    {0x0e6f, 0x0146, 49},   // Rock Candy
    {0x0e6f, 0x0164, 76},   // BF One
    {0x0e6f, 0x0180, 47},   // Faceoff Pro Nintendo Switch Controller
    {0x0e6f, 0x0181, 47},   // Faceoff Deluxe Pro Nintendo Switch Contr
    {0x0e6f, 0x0184, 47},   // Faceoff Deluxe Nintendo Switch Controlle
    {0x0e6f, 0x0185, 266},   // PDP Fightpad Pro GameCube Controller
    {0x0e6f, 0x0187, 47},   // Rock Candy Nintendo Switch Controller
    {0x0e6f, 0x0188, 47},   // Afterglow Deluxe Nintendo Switch Control
    {0x0e6f, 0x0189, 48},   // PDP Realmz Nintendo Switch Controller
    {0x0e6f, 0x0201, 416},   // GameStop Xbox 360 Controller
    {0x0e6f, 0x0203, 158},   // Victrix PS4 Pro Fightstick
    {0x0e6f, 0x0207, 391},   // Victrix PS4 Pro Fightstick
    {0x0e6f, 0x0213, 49},   // Afterglow Xbox Controller
    {0x0e6f, 0x0214, 48},   // Afterglow PS3 Controller
    {0x0e6f, 0x02a7, 322},   // PDP Xbox One Raven Black
    {0x0e6f, 0x02a8, 49},   // Xbox One Controller
    {0x0e6f, 0x02b8, 322},   // PDP Afterglow Xbox One Controller
    {0x0e6f, 0x02c8, 171},   // Xbox One Controller
    {0x0e6f, 0x02d7, 442},   // PDP Black Camo Xbox Series Controller
    {0x0e6f, 0x02d8, 322},   // PDP Xbox Series Controller
    {0x0e6f, 0x02da, 322},   // Logic3 Afterglow Xbox Series Controller
    {0x0e6f, 0x02ef, 322},   // PDP Xbox Series Kinetic Controller
    {0x0e6f, 0x02f1, 322},   // PDP Xbox Atomic
    {0x0e6f, 0x0301, 49},   // Logic3
    {0x0e6f, 0x0315, 322},   // Xbox 360 Controller
    {0x0e6f, 0x0401, 49},   // Logic3
    {0x0e6f, 0x0413, 49},   // Afterglow Xbox Controller
    {0x0e6f, 0x1113, 328},   // Saffun Controller
    {0x0e6f, 0x1314, 48},   // Afterglow Xbox Controller
    {0x0e6f, 0x6302, 48},   // Afterglow PS3 Controller
    {0x0e6f, 0xf501, 322},   // Logic3 Gamepad
    {0x0e8f, 0x0003, 278},   // PS3 Controller
    {0x0e8f, 0x0008, 45},   // Speedlink Strike FX
    {0x0e8f, 0x0012, 43},   // Acme GA02
    {0x0e8f, 0x0013, 200},   // Logic3
    {0x0e8f, 0x0041, 267},   // PlaySega
    {0x0e8f, 0x1006, 147},   // GreenAsia
    {0x0e8f, 0x1009, 99},   // Sony DualShock 2
    {0x0e8f, 0x1114, 44},   // Gamo2 Divaller
    {0x0e8f, 0x3010, 223},   // Mayflash Saturn Adapter
    {0x0e8f, 0x3013, 222},   // Mayflash N64 Adapter
    {0x0e8f, 0x3075, 270},   // PS1 Controller
    {0x0e8f, 0x310d, 48},   // Gamepad 3 Turbo
    {0x0e8f, 0x310f, 116},   // EXEQ
    {0x0e8f, 0x3114, 48},   // PS3 Controller
    {0x0f00, 0x0001, 245},   // NES Controller
    {0x0f0d, 0x0009, 48},   // Hori Pad 3 Turbo
    {0x0f0d, 0x000a, 152},   // Hori DOA
    {0x0f0d, 0x000c, 51},   // HEXT
    {0x0f0d, 0x000d, 138},   // Hori Fightstick EX2
    {0x0f0d, 0x0010, 6},   // Hori Fightstick
    {0x0f0d, 0x0011, 164},   // Hori Real Arcade Pro 3
    {0x0f0d, 0x0013, 6},   // Horipad 3W
    {0x0f0d, 0x0016, 433},   // Hori Real Arcade Pro EXSE
    {0x0f0d, 0x001b, 152},   // Hori Real Arcade Pro VX
    {0x0f0d, 0x0021, 6},   // Hori Fightstick V3
    {0x0f0d, 0x0022, 153},   // Hori Real Arcade Pro V3
    {0x0f0d, 0x0025, 52},   // Hori Fighting Commander 3
    {0x0f0d, 0x0026, 6},   // Hori Real Arcade Pro 3P
    {0x0f0d, 0x0027, 52},   // Hori Fightstick V3
    {0x0f0d, 0x002d, 153},   // Hori Fighting Commander 3 Pro
    {0x0f0d, 0x0032, 6},   // Hori Fightstick 3W
    {0x0f0d, 0x003d, 166},   // Hori Real Arcade Pro N3
    {0x0f0d, 0x0040, 151},   // Hori Fightstick Mini 3
    {0x0f0d, 0x0042, 6},   // Horipad A
    {0x0f0d, 0x0049, 48},   // Hatsune Miku Sho PS3 Controller
    {0x0f0d, 0x004b, 6},   // Hori Real Arcade Pro 3W
    {0x0f0d, 0x004d, 48},   // Hori Pad A
    {0x0f0d, 0x0051, 6},   // Hori Fighting Commander PS3
    {0x0f0d, 0x0054, 48},   // Hori Pad 3
    {0x0f0d, 0x0055, 111},   // Horipad 4 FPS
    {0x0f0d, 0x005b, 87},   // Hori Real Arcade Pro V4
    {0x0f0d, 0x005c, 48},   // Hori Real Arcade Pro V4
    {0x0f0d, 0x005e, 154},   // Hori Fighting Commander 4 PS4
    {0x0f0d, 0x005f, 153},   // Hori Fighting Commander 4 PS3
    {0x0f0d, 0x0064, 6},   // Horipad 3TP
    {0x0f0d, 0x0066, 63},   // Horipad 4 PS4
    {0x0f0d, 0x0067, 171},   // Horipad One
    {0x0f0d, 0x006a, 111},   // Hori Real Arcade Pro 4
    {0x0f0d, 0x006b, 48},   // Hori Real Arcade Pro 4
    {0x0f0d, 0x006d, 431},   // Hori EDGE 301
    {0x0f0d, 0x006e, 48},   // Horipad 4 PS3
    {0x0f0d, 0x006f, 165},   // Hori Real Arcade Pro 4 VLX
    {0x0f0d, 0x0070, 164},   // Hori Real Arcade Pro 4 VLX
    {0x0f0d, 0x007b, 6},   // TAC GEAR
    {0x0f0d, 0x0084, 87},   // Hori Fighting Commander 5
    {0x0f0d, 0x0085, 48},   // Hori Fighting Commander 2016 PS3
    {0x0f0d, 0x0086, 49},   // Hori Fighting Commander Xbox 360
    {0x0f0d, 0x0087, 158},   // Hori Fighting Stick mini 4 PS4
    {0x0f0d, 0x0088, 157},   // Hori Fighting Stick mini 4 PS3
    {0x0f0d, 0x008a, 111},   // Hori Real Arcade Pro 4
    {0x0f0d, 0x008b, 48},   // Hori Real Arcade Pro 4
    {0x0f0d, 0x008c, 49},   // Hori Real Arcade Pro P4
    {0x0f0d, 0x0092, 163},   // Hori Pokken Tournament DX Pro
    {0x0f0d, 0x009c, 111},   // Hori TAC Pro
    {0x0f0d, 0x00a0, 160},   // Hori Grip TAC4
    {0x0f0d, 0x00a5, 161},   // Hori Miku Project Diva X HD PS4 Controll
    {0x0f0d, 0x00a6, 80},   // Hori Miku Project Diva X HD PS4 Controll
    {0x0f0d, 0x00aa, 6},   // Hori Real Arcade Pro S
    {0x0f0d, 0x00ad, 327},   // RX Gamepad
    {0x0f0d, 0x00ae, 86},   // Hori Real Arcade Pro N4
    {0x0f0d, 0x00af, 168},   // Hori Real Arcade Pro VHS
    {0x0f0d, 0x00ba, 86},   // Hori Fighting Commander Xbox 360
    {0x0f0d, 0x00c0, 49},   // Hori Fightstick 4
    {0x0f0d, 0x00c1, 47},   // Horipad Nintendo Switch Controller
    {0x0f0d, 0x00c9, 44},   // Hori Taiko Controller
    {0x0f0d, 0x00d8, 167},   // Hori Real Arcade Pro S
    {0x0f0d, 0x00dc, 49},   // Horipad Switch
    {0x0f0d, 0x00ee, 87},   // Horipad Mini 4
    {0x0f0d, 0x00f6, 94},   // Horipad Nintendo Switch Controller
    {0x0f0d, 0x00fb, 135},   // Hori Hatsune Miku 39S
    {0x0f0d, 0x0101, 44},   // Hori Mini Hatsune Miku FT
    {0x0f0d, 0x0104, 86},   // Onyx
    {0x0f0d, 0x0123, 34},   // Hori PS4 Controller Light
    {0x0f0d, 0x0137, 159},   // Hori Fightstick Mini
    {0x0f0d, 0x0138, 162},   // Hori PC Engine Mini Controller
    {0x0f0d, 0x0150, 322},   // Hori Fighting Commander Octa Xbox One
    {0x0f0d, 0x0162, 155},   // Hori Fighting Commander Octa
    {0x0f0d, 0x0164, 156},   // Hori Fighting Commander Octa
    {0x0f0d, 0x0185, 322},   // Hori Split Pad Fit
    {0x0f0d, 0x0196, 172},   // Horipad Steam
    {0x0f0d, 0x01ab, 434},   // Horipad Steam
    {0x0f0d, 0x0200, 47},   // Hori Split Pad Fit
    {0x0f0d, 0x0202, 170},   // Horipad O Nintendo Switch 2 Controller
    {0x0f0d, 0x1011, 139},   // GameStick Controller
    {0x0f30, 0x0107, 142},   // USB Controller
    {0x0f30, 0x010a, 0},   // 3 In 1 Conversion Box
    {0x0f30, 0x010b, 142},   // GGE909 Recoil
    {0x0f30, 0x0110, 331},   // Saitek P480 Rumble
    {0x0f30, 0x0111, 339},   // Saitek Rumble
    {0x0f30, 0x0112, 331},   // Saitek Dual Analog
    {0x0f30, 0x0202, 77},   // Bigben
    {0x0f30, 0x1012, 286},   // Qanba Joystick Plus
    {0x0f30, 0x1100, 283},   // Qanba Arcade Stick 1008
    {0x0f30, 0x1101, 61},   // Qanba 2
    {0x0f30, 0x1102, 282},   // Qanba 2P
    {0x0f30, 0x1112, 6},   // Qanba Joystick
    {0x0f30, 0x1116, 284},   // Qanba Arcade Stick 4018
    {0x1001, 0x0002, 40},   // ThundeRobot G30
    {0x1002, 0x9000, 118},   // FC30 Pro
    {0x1008, 0x01e5, 56},   // Anbernic Game Pad
    {0x1038, 0x1412, 366},   // SteelSeries Free
    {0x1038, 0x1418, 369},   // SteelSeries Stratus XL
    {0x1038, 0x1420, 418},   // SteelSeries Nimbus
    {0x1038, 0x1430, 368},   // SteelSeries Stratus Duo
    {0x1038, 0x1431, 368},   // SteelSeries Stratus Duo
    {0x1038, 0x1441, 367},   // SteelSeries Nimbus Cloud
    {0x1080, 0x0009, 5},   // 8BitDo F30 Arcade Stick
    {0x10c4, 0x82c0, 6},   // KADE
    {0x10f5, 0x7013, 322},   // Turtle Beach ReactR
    {0x11c0, 0x4001, 63},   // GameStop PS4 Fun Controller
    {0x11c0, 0x5041, 98},   // Sanwa Micro Grip Pro
    {0x11c0, 0x5043, 342},   // Sanwa Micro Grip P3
    {0x11c0, 0x5044, 344},   // Sanwa Online Grip
    {0x11c0, 0x5100, 34},   // Satechi Controller
    {0x11c0, 0x5202, 62},   // Sanwa Easy Grip
    {0x11c0, 0x5213, 71},   // Battalife Joystick
    {0x11c0, 0x5500, 45},   // Tronsmart
    {0x11c0, 0x5503, 44},   // Acrux
    {0x11c0, 0x5505, 45},   // Betop Controller
    {0x11c0, 0x5506, 45},   // Betop Controller
    {0x11c0, 0x9105, 45},   // Speedlink Torid
    {0x11c1, 0x9101, 45},   // EasySMX
    {0x11c2, 0x9107, 45},   // Nacon GC101 1.03
    {0x11c3, 0x9107, 415},   // Be1 GC101 Controller 1.03
    {0x11c6, 0x0010, 377},   // Tencent Xianyou Gamepad
    {0x11c9, 0x55f0, 94},   // Nacon GC100XF
    {0x11ec, 0xa7e1, 94},   // Nintendo Switch
    {0x11ff, 0x3331, 100},   // DualForce
    {0x11ff, 0x3340, 195},   // JPD FFB
    {0x11ff, 0x3341, 271},   // USB Controller
    {0x11ff, 0x3347, 290},   // Ramox FPS Controller
    {0x1209, 0x2f07, 263},   // OrangeFox86 DreamPicoPort
    {0x1209, 0x8844, 239},   // MUSIA PlayStation 2 Input Display
    {0x1234, 0x0004, 319},   // RetroUSB N64 RetroPort
    {0x1234, 0x0013, 372},   // Super Racer
    {0x1234, 0xbead, 392},   // vJoy Device
    {0x1235, 0xab11, 6},   // 8BitDo F30 Arcade Joystick
    {0x1235, 0xab12, 22},   // 8BitDo NES30
    {0x1235, 0xab20, 32},   // 8BitDo SN30
    {0x1235, 0xab21, 31},   // SFC30 Joystick
    {0x1241, 0x5004, 387},   // Twin Shock
    {0x1241, 0x5044, 105},   // Elecom U1012
    {0x1241, 0x5045, 343},   // Sanwa Micro Grip Pro
    {0x124b, 0x4d01, 259},   // Nyko Airflo EX
    {0x1292, 0x4643, 246},   // NES Controller
    {0x1292, 0x464b, 244},   // NES Adapter
    {0x1292, 0x4745, 312},   // Retro Bit Sega Genesis Adapter
    {0x1292, 0x4e47, 243},   // NeoGeo X Arcade Stick
    {0x1292, 0x5346, 316},   // SNES Controller
    {0x12ab, 0x0301, 50},   // Afterglow Xbox Controller
    {0x12bd, 0xc001, 241},   // Nebular
    {0x12bd, 0xc003, 44},   // Joypad Alpha Shock
    {0x12bd, 0xd012, 119},   // USB Controller
    {0x12bd, 0xd013, 317},   // Retrolink Sega Saturn Classic Controller
    {0x12bd, 0xd015, 318},   // Retrolink SNES Controller
    {0x12bd, 0xd110, 341},   // Sanwa 4Button
    {0x12bd, 0xe001, 199},   // Leadership
    {0x12bd, 0xe002, 99},   // Dual Vibration Joystick
    {0x1345, 0x1000, 94},   // Genius Maxfire Grandias 12
    {0x1345, 0x3008, 94},   // Defender Game Racer X7
    {0x145f, 0x012a, 385},   // Trust Predator GM1200
    {0x145f, 0x01c5, 135},   // Trust Gamepad
    {0x145f, 0x0231, 45},   // PS3 Controller
    {0x146b, 0x0301, 79},   // Bigben PS3 Controller
    {0x146b, 0x0302, 78},   // USB Controller
    {0x146b, 0x0303, 78},   // PS2 Controller
    {0x146b, 0x0609, 322},   // Nacon Asymmetric PS4 Controller
    {0x146b, 0x0611, 161},   // Nacon Revolution 3 PS4 Controller
    {0x146b, 0x0902, 44},   // Bigben
    {0x146b, 0x0c01, 78},   // Nacon GC400ES
    {0x146b, 0x0d01, 111},   // Revolution Pro Controller
    {0x146b, 0x0d02, 111},   // Revolution Pro Controller 2
    {0x146b, 0x0d08, 44},   // Nacon Revolution Unlimited Pro Controlle
    {0x146b, 0x0d10, 80},   // Nacon Revolution Infinity PS4 Controller
    {0x146b, 0x0d13, 111},   // Revolution Pro Controller 3
    {0x146b, 0x5500, 78},   // Bigben PS3 Controller
    {0x146b, 0xa101, 262},   // Orange Controller
    {0x14d8, 0x6208, 151},   // HitBox Edition Cthulhu
    {0x14d8, 0xa001, 44},   // TE Kitty
    {0x14d8, 0xcd07, 6},   // Cthulhu
    {0x14d8, 0xcfce, 163},   // Cthulhu
    {0x14d8, 0xface, 6},   // Cthulhu
    {0x14fe, 0x232a, 359},   // Sony PlayStation Adapter
    {0x1532, 0x02a6, 308},   // Razer Huntsman V3 Pro
    {0x1532, 0x0300, 309},   // Razer Hydra
    {0x1532, 0x0401, 63},   // Razer Panthera PS4
    {0x1532, 0x0402, 48},   // Razer Panthera PS3 Controller
    {0x1532, 0x0705, 134},   // Razer Raiju Mobile
    {0x1532, 0x0707, 134},   // Razer Raiju Mobile
    {0x1532, 0x0900, 311},   // Razer Serval
    {0x1532, 0x0a03, 49},   // Wildcat
    {0x1532, 0x0a14, 49},   // Wolverine
    {0x1532, 0x1000, 61},   // Razer Raiju
    {0x1532, 0x1004, 61},   // Razer Raiju UE
    {0x1532, 0x1007, 61},   // Razer Raiju TE
    {0x1532, 0x1008, 448},   // Razer Panthera PS4 Evo Arcade Stick
    {0x1532, 0x1009, 61},   // Razer Raiju UE
    {0x1532, 0x100a, 44},   // Razer Raiju TE
    {0x1532, 0x100b, 63},   // Razer Wolverine PS5 Controller
    {0x1532, 0x1100, 63},   // Razer Raion PS4 Fightpad
    {0x15e4, 0x3f10, 51},   // Batarang
    {0x162e, 0xbeef, 395},   // Xbox 360 Controller
    {0x1689, 0xfd00, 49},   // Onza TE
    {0x1689, 0xfd01, 261},   // Onza CE
    {0x1689, 0xfe00, 49},   // Sabertooth
    {0x16c0, 0x05e1, 216},   // XinMo Dual Arcade
    {0x16c0, 0x0a99, 228},   // Mega Drive Controller
    {0x16d0, 0x0a60, 1},   // 4Play Adapter
    {0x16d0, 0x0d04, 1},   // 4Play Adapter
    {0x16d0, 0x0d05, 1},   // 4Play Adapter
    {0x16d0, 0x0d06, 1},   // 4Play Adapter
    {0x16d0, 0x0d07, 1},   // 4Play Adapter
    {0x1740, 0x057f, 447},   // Raphnet GC and N64 Adapter
    {0x1781, 0x057e, 417},   // Sega Saturn
    {0x1781, 0x0a96, 357},   // SNES Controller
    {0x1781, 0x0a99, 66},   // Retronic Adapter
    {0x1781, 0x0a9d, 302},   // SNES Controller
    {0x187c, 0x0600, 53},   // Alienware Dual Compatible PlayStation Co
    {0x18d1, 0x2c40, 46},   // ADT1
    {0x18d1, 0x9400, 143},   // Google Stadia Controller
    {0x1915, 0x0040, 126},   // Flydigi Vader 2
    {0x1915, 0x7856, 134},   // Uniplay U6
    {0x1949, 0x0402, 134},   // Ipega PG9023
    {0x1949, 0x0403, 192},   // Ipega PG9087
    {0x1949, 0x0409, 236},   // Mobapad Chitu HD
    {0x1949, 0x0419, 54},   // Amazon Luna Controller
    {0x19fa, 0x0607, 45},   // Team 5
    {0x19fa, 0x8d91, 0},   // 3 In 1 Conversion Box
    {0x19fa, 0xfff0, 45},   // Acteck AGJ 3200
    {0x1a15, 0x2262, 96},   // Dual Plus PlayStation Adapter
    {0x1a34, 0x0203, 48},   // Hama Scorpad
    {0x1a34, 0x0401, 287},   // Qanba Joystick Q4RAF
    {0x1a34, 0x0801, 117},   // EXEQ RF Gamepad
    {0x1a34, 0x0802, 364},   // Speedlink 6555
    {0x1a34, 0x0806, 78},   // Xeox
    {0x1a34, 0x0809, 94},   // Speedlink 6566
    {0x1a34, 0x0823, 78},   // USB Controller
    {0x1a34, 0x0836, 48},   // Afterglow PS3 Controller
    {0x1a34, 0xf705, 131},   // GameCube Controller
    {0x1a5c, 0x3033, 141},   // Genius MaxFire Grandias 12V
    {0x1bad, 0x028e, 50},   // Xbox 360 Controller
    {0x1bad, 0xf016, 49},   // Xbox 360 Controller
    {0x1bad, 0xf023, 234},   // MLG
    {0x1bad, 0xf028, 120},   // Fightpad
    {0x1bad, 0xf02e, 121},   // Fightpad
    {0x1bad, 0xf038, 122},   // Fightpad TE
    {0x1bad, 0xf03e, 122},   // MLG Fightstick TE
    {0x1bad, 0xf501, 51},   // Horipad EXT2
    {0x1bad, 0xf502, 169},   // Hori Real Arcade Pro VX
    {0x1bad, 0xf503, 432},   // Hori Fightstick VX
    {0x1bad, 0xf900, 51},   // Afterglow Xbox Controller
    {0x1bad, 0xf901, 49},   // BB 070
    {0x1bad, 0xf904, 443},   // PDP Xbox 360 Versus Fighting
    {0x1bad, 0xfd00, 51},   // Xbox 360 Controller
    {0x1bad, 0xfd01, 398},   // Xbox 360 Controller
    {0x1c10, 0x1c17, 45},   // uRage Gamepad
    {0x1c10, 0x1c18, 115},   // Essential
    {0x1c1a, 0x0100, 93},   // Datel Arcade Joystick
    {0x1c59, 0x0024, 378},   // THEC64 Joystick
    {0x1c59, 0x0026, 379},   // THEGamepad
    {0x1c5a, 0x0024, 85},   // Capcom Home Arcade Controller
    {0x1c5b, 0x0024, 85},   // Capcom Home Arcade Controller
    {0x1c5b, 0x0025, 85},   // Capcom Home Arcade Controller
    {0x1d50, 0x619e, 414},   // CoreOrbits GamerPad
    {0x1d57, 0x0020, 384},   // Tomee SNES Adapter
    {0x1d57, 0x0021, 383},   // Tomee NES Adapter
    {0x1d79, 0x0009, 139},   // Nyko Playpad
    {0x1d79, 0x0301, 95},   // Dual Box Wii
    {0x1dd8, 0x000b, 84},   // Buffalo BSGP1601 Series
    {0x1dd8, 0x000e, 180},   // iBuffalo AC02 Arcade Joystick
    {0x1dd8, 0x000f, 181},   // iBuffalo BSGP1204 Series
    {0x1dd8, 0x0010, 181},   // iBuffalo BSGP1204P Series
    {0x1e1a, 0x0c12, 63},   // PS4 Controller
    {0x1eaf, 0x0024, 426},   // Clockwork Pi DevTerm
    {0x1f4f, 0x0008, 216},   // PS3 Controller
    {0x2002, 0x9000, 24},   // 8BitDo NES30 Pro
    {0x2006, 0x0118, 113},   // EMS TrioLinker Plus II
    {0x2015, 0x8201, 249},   // NGDS
    {0x20bc, 0x1260, 45},   // Betop 2126F
    {0x20bc, 0x1263, 45},   // Betop Controller
    {0x20bc, 0x1264, 45},   // Betop Controller
    {0x20bc, 0x2163, 45},   // Betop Controller
    {0x20bc, 0x504d, 425},   // Beitong A1T2 BFM
    {0x20bc, 0x5052, 72},   // Beitong G3
    {0x20bc, 0x5500, 40},   // Betop BFM
    {0x20bc, 0x5656, 48},   // GameSir T4w
    {0x20bc, 0x6050, 407},   // Xiaomi XMGP01YM
    {0x20bc, 0x9100, 45},   // EasySMX Controller
    {0x20d6, 0x0060, 48},   // Tournament PS3 Controller
    {0x20d6, 0x0dad, 86},   // Moga Pro
    {0x20d6, 0x2002, 444},   // PowerA Xbox One Controller
    {0x20d6, 0x2005, 322},   // PowerA Xbox Series Controller
    {0x20d6, 0x200b, 322},   // PowerA Xbox Series Controller
    {0x20d6, 0x200f, 445},   // PowerA Xbox Series Controller
    {0x20d6, 0x2065, 322},   // PowerA Xbox Series Controller
    {0x20d6, 0x2802, 322},   // PowerA Xbox One Controller
    {0x20d6, 0x319f, 48},   // Pro Ex mini PS3 Controller
    {0x20d6, 0x4001, 171},   // PowerA Fusion Pro 2 Controller
    {0x20d6, 0x4002, 171},   // PowerA Xbox One Spectra Infinity
    {0x20d6, 0x4005, 322},   // PowerA Advantage Xbox Series Controller
    {0x20d6, 0x4026, 40},   // PowerA OPS Controller
    {0x20d6, 0x4033, 40},   // PowerA OPS Pro Controller
    {0x20d6, 0x571d, 48},   // Nyko Airflo PS3 Controller
    {0x20d6, 0x576d, 48},   // OPP PS3 Controller
    {0x20d6, 0x5795, 48},   // Pro Elite PS3 Controller
    {0x20d6, 0x57c7, 48},   // Pro Ex mini PS3 Controller
    {0x20d6, 0x57e5, 48},   // Batarang PlayStation Controller
    {0x20d6, 0x6271, 238},   // Moga Pro
    {0x20d6, 0x792a, 63},   // BDA PS4 Fightpad
    {0x20d6, 0x89e5, 238},   // Moga 2
    {0x20d6, 0xa710, 48},   // Mayflash Magic NS
    {0x20d6, 0xa711, 47},   // PowerA Core Controller
    {0x20d6, 0xa712, 47},   // PowerA Fusion Nintendo Switch Fight Pad
    {0x20d6, 0xa713, 47},   // PowerA Nintendo Switch Controller
    {0x20d6, 0xa714, 47},   // PowerA Spectra Nintendo Switch Controlle
    {0x20d6, 0xa720, 47},   // PowerA Advantage Nintendo Switch 2 Contr
    {0x20d6, 0xca6d, 48},   // PowerA Pro Ex
    {0x20e8, 0x5860, 45},   // Cideko AK08b
    {0x2185, 0x0000, 44},   // Final Fantasy XIV Online Controller
    {0x2185, 0x0102, 44},   // FF GP1
    {0x21f8, 0x0019, 355},   // Shogun Bros Chameleon X1
    {0x2222, 0x0060, 206},   // Macally
    {0x22ba, 0x0107, 376},   // Technology Innovation PS2 Adapter
    {0x22ba, 0x1020, 279},   // PS3 Controller
    {0x2345, 0xe015, 235},   // Mobapad Chitu HD
    {0x2378, 0x100a, 260},   // Onlive Controller
    {0x248a, 0x8266, 289},   // R1 Mobile Controller
    {0x24c6, 0x5300, 51},   // Xbox 360 Controller
    {0x24c6, 0x531a, 51},   // Pro Ex Mini
    {0x24c6, 0x541a, 322},   // PowerA Xbox One Mini Controller
    {0x24c6, 0x543a, 49},   // Xbox One Controller
    {0x24c6, 0x581a, 322},   // PowerA Xbox One Controller
    {0x24c6, 0x5b02, 49},   // GPX
    {0x24c6, 0x5d04, 49},   // Sabertooth
    {0x24c6, 0x891a, 40},   // Moga XP5X Plus
    {0x24c6, 0x891b, 40},   // Moga XP5X Plus
    {0x24c6, 0x892a, 137},   // Moga XP5A Plus
    {0x24c6, 0x892b, 40},   // Moga XP5A Plus
    {0x24c6, 0xfafd, 86},   // Xbox 360 Controller
    {0x24c6, 0xfafe, 322},   // Rock Candy Controller
    {0x2563, 0x0523, 45},   // USB Vibration Joystick
    {0x2563, 0x0526, 40},   // HJD X
    {0x2563, 0x0527, 354},   // ShanWan Gamepad
    {0x2563, 0x0575, 135},   // PS3 Controller
    {0x2563, 0x0578, 315},   // Retro Fighters D6
    {0x2563, 0x057a, 135},   // Cosmic Byte Ares Controller
    {0x2563, 0x0580, 135},   // Redgear
    {0x2563, 0x0623, 361},   // Sony PlayStation Controller
    {0x2563, 0x0676, 83},   // BSP Y04
    {0x25b6, 0x0001, 140},   // Gametel GT004 01
    {0x25f0, 0x83c1, 48},   // Sony PlayStation Controller
    {0x25f0, 0x83c2, 135},   // Gioteck PlayStation Controller
    {0x25f0, 0x83c3, 45},   // Gioteck VX2 PlayStation Controller
    {0x25f0, 0x83c4, 45},   // Gioteck VX2 PlayStation Controller
    {0x25f0, 0xc121, 45},   // Gioteck PS3 Controller
    {0x25f0, 0xc131, 45},   // Gioteck PS3 Controller
    {0x2717, 0x3144, 405},   // Xiaomi Controller
    {0x2717, 0x5033, 406},   // Xiaomi XMGP01YM
    {0x27f8, 0x0bbf, 310},   // Razer Kishi
    {0x2810, 0x0009, 31},   // 8BitDo SFC30
    {0x2836, 0x0001, 264},   // OUYA Controller
    {0x2888, 0x0503, 390},   // V5 Game Pad
    {0x288b, 0x0003, 302},   // SNES Controller
    {0x289b, 0x0002, 298},   // Raphnet NES Adapter
    {0x289b, 0x0003, 302},   // Raphnet SNES Adapter
    {0x289b, 0x0005, 301},   // Raphnet Saturn Adapter 2.0
    {0x289b, 0x0008, 292},   // Raphnet Dreamcast Adapter
    {0x289b, 0x0018, 296},   // Raphnet Jaguar Adapter
    {0x289b, 0x001e, 305},   // Raphnet Vectrex Adapter
    {0x289b, 0x0023, 291},   // Raphnet 3DO Adapter
    {0x289b, 0x0026, 303},   // Raphnet SNES Adapter
    {0x289b, 0x002b, 306},   // Raphnet Wii Classic Adapter
    {0x289b, 0x002c, 306},   // Raphnet Wii Classic Adapter
    {0x289b, 0x002e, 303},   // Raphnet SNES Adapter
    {0x289b, 0x002f, 303},   // Raphnet SNES Adapter
    {0x289b, 0x0032, 295},   // Raphnet GC and N64 Adapter
    {0x289b, 0x003c, 297},   // Raphnet N64 Adapter
    {0x289b, 0x0042, 246},   // Raphnet Dual NES Adapter
    {0x289b, 0x0043, 300},   // Raphnet Saturn
    {0x289b, 0x0044, 299},   // Raphnet PlayStation Adapter
    {0x289b, 0x0056, 304},   // Raphnet SNES Adapter
    {0x289b, 0x0057, 304},   // Raphnet SNES Adapter
    {0x289b, 0x0060, 295},   // Raphnet GC and N64 Adapter
    {0x289b, 0x0061, 297},   // Raphnet N64 Adapter
    {0x289b, 0x0062, 294},   // Raphnet GameCube Adapter
    {0x289b, 0x0063, 297},   // Raphnet N64 Adapter
    {0x289b, 0x0064, 297},   // Raphnet N64 Adapter
    {0x289b, 0x0065, 294},   // Raphnet GameCube Adapter
    {0x289b, 0x0069, 291},   // Raphnet 3DO Adapter
    {0x289b, 0x0080, 306},   // Raphnet Wii Classic Adapter
    {0x289b, 0x00d0, 293},   // Raphnet Dreamcast Adapter
    {0x28de, 0x1102, 454},   // Valve Steam Controller
    {0x28de, 0x1142, 455},   // Valve Steam Controller
    {0x28de, 0x11fc, 171},   // Steam Virtual Gamepad
    {0x28de, 0x11ff, 258},   // Steam Virtual Gamepad
    {0x28de, 0x1201, 453},   // Valve Steam Controller
    {0x28de, 0x1205, 456},   // Valve Steam Deck
    {0x294b, 0x3004, 322},   // Snakebyte Xbox Series Controller
    {0x2c22, 0x2000, 285},   // Qanba Drone Arcade Stick
    {0x2c22, 0x2010, 87},   // Qanba Drone 2 Arcade Joystick PS5
    {0x2c22, 0x2012, 446},   // Qanba Drone 2 Arcade Joystick PS4
    {0x2c22, 0x2300, 288},   // Qanba Obsidian Arcade Stick PS4
    {0x2c22, 0x2302, 48},   // Qanba Obsidian Arcade Stick PS3
    {0x2c22, 0x2500, 111},   // Qanba Dragon Arcade Joystick
    {0x2c22, 0x2502, 48},   // Qanba Dragon Arcade Joystick PS3
    {0x2dc8, 0x02e0, 18},   // 8BitDo N30
    {0x2dc8, 0x0651, 15},   // 8BitDo M30
    {0x2dc8, 0x1003, 17},   // 8BitDo N30
    {0x2dc8, 0x1080, 17},   // 8BitDo N30
    {0x2dc8, 0x2000, 322},   // 8BitDo Pro 2 for Xbox
    {0x2dc8, 0x200a, 422},   // 8BitDo M30 Xbox
    {0x2dc8, 0x2019, 322},   // 8BitDo Ultimate Mini Wired Controller fo
    {0x2dc8, 0x2025, 322},   // 8BitDo Ultimate C Xbox Controller
    {0x2dc8, 0x2100, 34},   // 8BitDo SN30 Pro
    {0x2dc8, 0x2101, 40},   // 8BitDo Xbox One SN30 Pro
    {0x2dc8, 0x2810, 7},   // 8BitDo F30 Arcade Joystick
    {0x2dc8, 0x2820, 9},   // 8BitDo N30
    {0x2dc8, 0x2830, 31},   // 8BitDo SFC30
    {0x2dc8, 0x2840, 9},   // 8BitDo SN30
    {0x2dc8, 0x2862, 31},   // 8BitDo SN30
    {0x2dc8, 0x2865, 8},   // 8BitDo N30 Pro 2
    {0x2dc8, 0x2869, 20},   // 8BitDo N64
    {0x2dc8, 0x286a, 10},   // 8BitDo GameCube
    {0x2dc8, 0x3000, 31},   // 8BitDo SN30
    {0x2dc8, 0x3001, 9},   // 8BitDo SF30
    {0x2dc8, 0x3010, 423},   // 8BitDo Pro 2
    {0x2dc8, 0x3011, 35},   // 8BitDo Ultimate
    {0x2dc8, 0x3012, 36},   // 8BitDo Ultimate
    {0x2dc8, 0x3013, 37},   // 8BitDo Ultimate
    {0x2dc8, 0x3015, 40},   // 8BitDo Ultimate C
    {0x2dc8, 0x3016, 40},   // 8BitDo Ultimate C
    {0x2dc8, 0x3017, 40},   // 8BitDo Ultimate C
    {0x2dc8, 0x3019, 2},   // 8BitDo 64
    {0x2dc8, 0x301b, 39},   // 8BitDo Ultimate 2C
    {0x2dc8, 0x301c, 36},   // 8BitDo Ultimate 2C
    {0x2dc8, 0x301d, 39},   // 8BitDo Ultimate 2C
    {0x2dc8, 0x3100, 3},   // 8BitDo Adapter
    {0x2dc8, 0x3101, 8},   // 8BitDo Receiver
    {0x2dc8, 0x3102, 8},   // 8BitDo Receiver
    {0x2dc8, 0x3103, 8},   // 8BitDo Receiver
    {0x2dc8, 0x3104, 8},   // 8BitDo Receiver
    {0x2dc8, 0x3105, 3},   // 8BitDo Adapter 2
    {0x2dc8, 0x3106, 322},   // 8BitDo Adapter 2
    {0x2dc8, 0x310a, 39},   // 8BitDo Ultimate 2C
    {0x2dc8, 0x310b, 322},   // 8BitDo Ultimate 2
    {0x2dc8, 0x3230, 42},   // 8BitDo Zero 2
    {0x2dc8, 0x3810, 9},   // 8BitDo F30 Pro
    {0x2dc8, 0x3820, 8},   // 8BitDo NES30 Pro
    {0x2dc8, 0x3830, 19},   // 8BitDo N64
    {0x2dc8, 0x5001, 12},   // 8BitDo M30
    {0x2dc8, 0x5006, 14},   // 8BitDo M30
    {0x2dc8, 0x5101, 13},   // 8BitDo M30
    {0x2dc8, 0x5103, 33},   // 8BitDo SN30
    {0x2dc8, 0x5104, 4},   // 8BitDo N30
    {0x2dc8, 0x5107, 25},   // 8BitDo P30
    {0x2dc8, 0x5108, 25},   // 8BitDo P30
    {0x2dc8, 0x5109, 4},   // 8BitDo Dogbone
    {0x2dc8, 0x5111, 11},   // 8BitDo Lite SE
    {0x2dc8, 0x5112, 11},   // 8BitDo Lite 2
    {0x2dc8, 0x6000, 29},   // 8BitDo SF30 Pro
    {0x2dc8, 0x6001, 30},   // 8BitDo SN30 Pro
    {0x2dc8, 0x6002, 30},   // 8BitDo SN30 Pro Plus
    {0x2dc8, 0x6003, 26},   // 8BitDo Pro 2
    {0x2dc8, 0x6006, 11},   // 8BitDo Pro 2
    {0x2dc8, 0x6007, 424},   // 8BitDo Ultimate
    {0x2dc8, 0x6009, 27},   // 8BitDo Pro 3
    {0x2dc8, 0x6012, 38},   // 8BitDo Ultimate 2
    {0x2dc8, 0x6100, 30},   // 8BitDo SF30 Pro
    {0x2dc8, 0x6101, 30},   // 8BitDo SN30 Pro
    {0x2dc8, 0x6102, 30},   // 8BitDo SN30 Pro Plus
    {0x2dc8, 0x6103, 11},   // 8BitDo Pro 2
    {0x2dc8, 0x6728, 28},   // 8BitDo S30
    {0x2dc8, 0x9000, 8},   // 8BitDo FC30 Pro
    {0x2dc8, 0x9001, 8},   // 8BitDo N30 Pro
    {0x2dc8, 0x9002, 19},   // 8BitDo N64
    {0x2dc8, 0x9012, 31},   // 8BitDo SN30
    {0x2dc8, 0x9015, 9},   // 8BitDo N30 Pro 2
    {0x2dc8, 0x9018, 31},   // 8BitDo Zero 2
    {0x2dc8, 0x9020, 16},   // 8BitDo Micro
    {0x2dc8, 0x9025, 21},   // 8BitDo NEOGEO
    {0x2dc8, 0x9026, 411},   // 8BitDo NEOGEO
    {0x2dc8, 0xab11, 8},   // 8BitDo F30 Arcade Joystick
    {0x2dc8, 0xab12, 23},   // 8BitDo NES30
    {0x2dc8, 0xab20, 9},   // 8BitDo SN30
    {0x2dc8, 0xab21, 31},   // 8BitDo SFC30
    {0x2e24, 0x0bff, 174},   // Hyperkin N64 Adapter
    {0x2e24, 0x1128, 322},   // Hyperkin Competitor
    {0x2e24, 0x1688, 322},   // Hyperkin X91
    {0x2e24, 0x200a, 177},   // Hyperkin Scout Premium SNES Controller
    {0x2e24, 0x200b, 173},   // Hyperkin Admiral N64 Controller
    {0x2e24, 0x386a, 178},   // Hyperkin Trooper 2
    {0x2e24, 0x486a, 176},   // Hyperkin RetroN Sq
    {0x2e8a, 0x10d9, 435},   // icedragon.io STAC2 Dance Pad
    {0x2e8a, 0x10dd, 148},   // Hand Held Legend GC Ultimate
    {0x2e8a, 0x10df, 149},   // Hand Held Legend ProGCC
    {0x2e8a, 0x10e9, 436},   // icedragon.io STAC2 Dance Pad
    {0x2e95, 0x434b, 450},   // Scuf Envision
    {0x2e95, 0x434d, 450},   // Scuf Envision
    {0x2e95, 0x434e, 450},   // Scuf Envision
    {0x2e95, 0x7725, 63},   // Scuf PS4 Controller
    {0x2f24, 0x002d, 135},   // JYS Adapter
    {0x2f24, 0x0037, 52},   // Mayflash F101
    {0x2f24, 0x0039, 6},   // Mayflash F300 Elite Arcade Joystick
    {0x2f24, 0x006e, 388},   // USB Controller
    {0x2f24, 0x0073, 196},   // Mayflash Magic NS
    {0x2f24, 0x008a, 196},   // JYS Adapter
    {0x2f24, 0x0091, 322},   // EasySMX ESM-9101
    {0x2f24, 0x00f4, 219},   // Mayflash N64 Adapter
    {0x2f24, 0x00f5, 220},   // Mayflash N64 Adapter
    {0x2f24, 0x00f7, 322},   // Mayflash Magic S Pro
    {0x2f24, 0x200a, 177},   // Hyperkin Scout
    {0x2f24, 0xb700, 114},   // ESM 9110
    {0x3250, 0x1001, 67},   // Atari VCS Classic Controller
    {0x3250, 0x1002, 68},   // Atari VCS Modern Controller
    {0x3285, 0x0607, 322},   // Nacon GC100
    {0x3285, 0x0689, 415},   // Nacon Revolution X Unlimited
    {0x3285, 0x0c03, 135},   // Nacon GC100
    {0x3285, 0x0d16, 63},   // Nacon Revolution 5 Pro
    {0x3285, 0x0d17, 63},   // Nacon Revolution 5 Pro
    {0x3285, 0x0d18, 111},   // Nacon Revolution 5 Pro
    {0x3285, 0x0d19, 63},   // Nacon Revolution 5 Pro
    {0x3507, 0x0004, 164},   // Zenaim Arcade Controller
    {0x3537, 0x1004, 49},   // GameSir T4 Kaleid
    {0x3537, 0x1007, 40},   // Anbernic RG P01
    {0x3537, 0x100b, 322},   // GameSir Cyclone 2
    {0x3537, 0x1022, 134},   // GameSir G7 Pro
    {0x3537, 0x1041, 415},   // GameSir Nova Lite
    {0x3537, 0x1046, 58},   // Anbernic RG P01
    {0x3537, 0x1058, 429},   // GameSir K1
    {0x3537, 0x1094, 40},   // GameSir Tegenaria Lite
    {0x3537, 0x1097, 429},   // GameSir Kaleid Flux
    {0x3537, 0x1104, 415},   // GameSir X4A Xbox Controller
    {0x3537, 0x1116, 40},   // GameSir X5 Lite
    {0x358a, 0x0102, 70},   // Backbone One
    {0x358a, 0x0201, 70},   // Backbone One
    {0x358a, 0x0202, 413},   // Backbone One
    {0x358a, 0x0203, 70},   // Backbone One
    {0x358a, 0x0204, 70},   // Backbone One
    {0x362c, 0x0001, 409},   // Yawman Arrow
    {0x374e, 0x0111, 205},   // M64 Pro Controller
    {0x37d7, 0x2414, 427},   // Flydigi Direwolf 4
    {0x3820, 0x0009, 24},   // 8BitDo NES30 Pro
    {0x38d2, 0x1010, 393},   // Void Genesis
    {0x38d2, 0x1012, 393},   // Void Genesis
    {0x4131, 0x3519, 438},   // LeadJoy Xeno Plus
    {0x5347, 0x6d61, 94},   // GameStop
    {0x62dd, 0xa715, 47},   // PowerA Fusion Nintendo Switch Arcade Sti
    {0x62dd, 0xa716, 47},   // PowerA Fusion Pro Nintendo Switch Contro
    {0x6469, 0x6469, 44},   // iDroidCon Controller
    {0x6666, 0x0667, 358},   // Sony PlayStation Adapter
    {0x6666, 0x8801, 106},   // USB Controller
    {0x6666, 0x8802, 96},   // TigerGame PlayStation Adapter
    {0x6666, 0x8804, 96},   // TigerGame PlayStation Adapter
    {0x6708, 0x2666, 278},   // RadioShack
    {0x7331, 0x0001, 34},   // Sony DualShock 3
    {0x7545, 0x0104, 87},   // Cobra
    {0x7545, 0x1122, 48},   // Szmy Power PC Gamepad
    {0x8000, 0x1002, 5},   // 8BitDo F30
    {0x8282, 0x8001, 197},   // Keio
    {0x8380, 0x0003, 75},   // Betop Controller
    {0x8555, 0x061b, 361},   // GameSir G4 Pro
    {0x8888, 0x0308, 276},   // PS3 Controller
    {0x8888, 0x0408, 277},   // PS3 Controller
    {0x9886, 0x0025, 63},   // Astro C40 TR PS4 Controller
    {0xacc4, 0x801c, 198},   // KidzPlay Adventure PlayStation Controlle
    {0xf000, 0x0003, 320},   // RetroUSB RetroPad
    {0xf000, 0x0008, 350},   // Sega Saturn Controller
    {0xf000, 0x00f1, 320},   // RetroUSB Super RetroPort
    {0xf766, 0x0001, 108},   // Game VIB Joystick
    {0xfade, 0xc001, 428},   // Flydigi Vader 5 Pro
    {0xffff, 0x0000, 237},   // Mocute M053
    {0xffff, 0xffff, 457},   // Xbox Controller
};

static const nv_paddb_row_t kBt[94] = {
    {0x0001, 0x0001, 489},   // Nintendo Wii Remote
    {0x0111, 0x1419, 500},   // SteelSeries Stratus XL
    {0x0111, 0x1431, 499},   // SteelSeries Stratus Duo
    {0x0171, 0x0419, 473},   // Amazon Luna Controller
    {0x03f0, 0x048d, 415},   // HyperX Clutch
    {0x045e, 0x028e, 483},   // Microsoft Xbox One Elite 2
    {0x045e, 0x02e0, 368},   // Xbox One Controller
    {0x045e, 0x02e3, 504},   // Xbox One Elite
    {0x045e, 0x02fd, 503},   // Xbox One Controller
    {0x045e, 0x0b05, 482},   // Microsoft Xbox One Elite 2
    {0x045e, 0x0b13, 429},   // Xbox Series Controller
    {0x045e, 0x0b20, 415},   // Xbox One Controller
    {0x045e, 0x0b22, 415},   // Xbox One Controller
    {0x04b4, 0x2412, 478},   // Flydigi APEX 4
    {0x04e8, 0x046e, 361},   // Mocute 053X M59
    {0x04e8, 0xa000, 495},   // Samsung EIGP20
    {0x054c, 0x0268, 277},   // PS3 Controller
    {0x054c, 0x05c4, 63},   // PS4 Controller
    {0x054c, 0x09cc, 63},   // PS4 Controller
    {0x054c, 0x0ce6, 63},   // PS5 Controller
    {0x054c, 0x0df2, 63},   // PS5 Controller
    {0x057e, 0x0330, 490},   // Nintendo Wii U Pro Controller
    {0x057e, 0x2006, 487},   // Nintendo Switch Joy-Con (L)
    {0x057e, 0x2007, 488},   // Nintendo Switch Joy-Con (R)
    {0x057e, 0x2009, 235},   // Nintendo Switch Pro Controller
    {0x057e, 0x2017, 491},   // NSO SNES Controller
    {0x057e, 0x2019, 254},   // NSO N64 Controller
    {0x05a0, 0x3232, 471},   // 8BitDo Zero
    {0x05ac, 0x022d, 480},   // GameSir G4s
    {0x05ac, 0x3232, 502},   // VR Box Controller
    {0x0738, 0x5266, 48},   // Mad Catz CTRLR
    {0x0955, 0x7214, 492},   // NVIDIA Controller
    {0x0b05, 0x4500, 474},   // ASUS Gamepad
    {0x0b05, 0x7906, 475},   // ASUS ROG Kunai 3
    {0x0f0d, 0x00f6, 78},   // Horipad Switch Controller
    {0x0f0d, 0x0196, 434},   // Horipad Steam
    {0x1038, 0x1412, 497},   // SteelSeries Free
    {0x1038, 0x1441, 498},   // SteelSeries Nimbus Cloud
    {0x10f5, 0x018f, 78},   // Turtle Beach Rematch Nintendo Switch Con
    {0x1532, 0x0900, 481},   // Razer Serval
    {0x1532, 0x100a, 494},   // Razer Raiju Tournament Edition
    {0x18d1, 0x9400, 481},   // Google Stadia Controller
    {0x1915, 0x0040, 479},   // Flydigi Vader 2
    {0x1949, 0x0402, 472},   // Amazon Fire Controller
    {0x1949, 0x0403, 361},   // Ipega PG9099
    {0x1d5a, 0x1802, 415},   // Nokia GC 5000
    {0x20bc, 0x5500, 425},   // Betop AX1 BFM
    {0x20d6, 0x0dad, 485},   // Moga Pro
    {0x20d6, 0x6271, 484},   // Moga Pro 2
    {0x20d6, 0x89e5, 484},   // Moga 2
    {0x24c6, 0x891a, 415},   // MOGA XP5X Plus
    {0x24c6, 0x892a, 486},   // MOGA XP5A Plus
    {0x2563, 0x0676, 496},   // ShanWan Gamepad
    {0x2717, 0x3144, 505},   // XiaoMi Controller
    {0x2810, 0x0009, 31},   // 8BitDo SFC30
    {0x2820, 0x0009, 468},   // 8BitDo SNES30
    {0x2836, 0x0001, 493},   // OUYA Controller
    {0x28de, 0x1105, 501},   // Valve Steam Controller
    {0x28de, 0x1106, 501},   // Valve Steam Controller
    {0x28de, 0x1202, 501},   // Valve Steam Controller
    {0x2dc8, 0x0651, 460},   // 8BitDo M30
    {0x2dc8, 0x1080, 464},   // 8BitDo NES30
    {0x2dc8, 0x2101, 415},   // 8BitDo Xbox One SN30 Pro
    {0x2dc8, 0x2830, 31},   // 8BitDo SFC30
    {0x2dc8, 0x2862, 29},   // 8BitDo SN30 Pro
    {0x2dc8, 0x2865, 29},   // 8BitDo N30 Pro 2
    {0x2dc8, 0x2869, 462},   // 8BitDo N64
    {0x2dc8, 0x286a, 10},   // 8BitDo GameCube
    {0x2dc8, 0x3012, 415},   // 8BitDo Ultimate
    {0x2dc8, 0x3019, 458},   // 8BitDo 64
    {0x2dc8, 0x301b, 470},   // 8BitDo Ultimate 2C
    {0x2dc8, 0x3230, 42},   // 8BitDo Zero 2
    {0x2dc8, 0x3810, 29},   // 8BitDo FC30 Pro
    {0x2dc8, 0x3820, 465},   // 8BitDo NES30 Pro
    {0x2dc8, 0x5103, 42},   // 8BitDo SN30
    {0x2dc8, 0x5108, 466},   // 8BitDo P30
    {0x2dc8, 0x5111, 459},   // 8BitDo Lite SE
    {0x2dc8, 0x5112, 423},   // 8BitDo Lite 2
    {0x2dc8, 0x6000, 29},   // 8BitDo SF30 Pro
    {0x2dc8, 0x6006, 423},   // 8BitDo Pro 2
    {0x2dc8, 0x6009, 467},   // 8BitDo Pro 3
    {0x2dc8, 0x6012, 469},   // 8BitDo Ultimate 2
    {0x2dc8, 0x6100, 465},   // 8BitDo SF30 Pro
    {0x2dc8, 0x6101, 30},   // 8BitDo SN30 Pro
    {0x2dc8, 0x6102, 459},   // 8BitDo SN30 Pro Plus
    {0x2dc8, 0x9020, 461},   // 8BitDo Micro
    {0x2dc8, 0x9025, 463},   // 8BitDo NEOGEO
    {0x2e24, 0x200b, 173},   // Hyperkin Admiral N64 Controller
    {0x3250, 0x1001, 476},   // Atari VCS Classic Controller
    {0x3250, 0x1002, 477},   // Atari VCS Modern Controller
    {0x3285, 0x0305, 415},   // Nacon MGX Pro
    {0x3537, 0x1046, 429},   // Anbernic RG P01
    {0x374e, 0x0111, 205},   // M64 Pro Controller
    {0x3820, 0x0009, 29},   // 8BitDo NES30 Pro
};

const nv_paddb_t nv_paddb = {
    kMaps[0], 27, kUsb, 982, kBt, 94,
};
